last_name, first_name,player_id,year,b_ab,b_total_pa,b_total_hits,b_single,b_double,b_triple,b_home_run,b_strikeout,b_walk,batting_avg,slg_percent,on_base_percent,on_base_plus_slg,b_rbi,r_total_caught_stealing,r_total_stolen_base,b_game,b_hit_by_pitch,b_sac_bunt,b_sac_fly,r_run,Points
Pujols, Albert,405395,2021,275,296,65,45,3,0,17,45,14,0.236,0.433,0.284,0.717,50,0,2,109,5,0,2,29,248.5
Cabrera, Miguel,408234,2021,472,526,121,90,16,0,15,118,40,0.256,0.386,0.316,0.701,75,0,0,130,5,0,9,48,366
Rivera, Rene,425784,2021,69,78,16,11,3,0,2,29,4,0.232,0.362,0.282,0.644,9,0,0,25,2,3,0,8,42.5
Wainwright, Adam,425794,2021,57,74,7,5,2,0,0,25,3,0.123,0.158,0.135,0.293,4,0,0,33,0,14,0,1,8.5
Molina, Yadier,425877,2021,440,473,111,81,19,0,11,79,24,0.252,0.37,0.296,0.666,66,0,3,121,5,0,3,45,335.5
Suzuki, Kurt,435559,2021,219,247,49,35,8,0,6,44,12,0.224,0.342,0.291,0.634,16,0,0,72,11,2,3,17,125
Cruz Jr., Nelson,443558,2021,513,584,136,82,21,1,32,126,51,0.265,0.497,0.332,0.829,86,0,3,140,7,0,9,79,507
Peralta, David,444482,2021,487,538,126,80,30,8,8,92,46,0.259,0.402,0.325,0.728,63,1,2,150,3,0,2,57,385
Pina, Manny,444489,2021,180,208,34,15,6,0,13,38,22,0.189,0.439,0.293,0.732,33,0,0,75,5,0,1,27,180
Escobar, Alcides,444876,2021,319,349,92,65,21,2,4,56,17,0.288,0.404,0.338,0.742,28,0,3,75,9,2,2,53,242
Jay, Jon,445055,2021,14,14,5,5,0,0,0,2,0,0.357,0.357,0.357,0.714,1,0,0,5,0,0,0,2,8
Longoria, Evan,446334,2021,253,291,66,36,17,0,13,68,35,0.261,0.482,0.351,0.833,46,1,1,81,1,0,2,45,262
Lobaton, Jose,446653,2021,11,13,0,0,0,0,0,5,2,0,0,0.154,0.154,0,0,0,6,0,0,0,1,0.5
Hill, Rich,448179,2021,24,26,3,3,0,0,0,10,0,0.125,0.125,0.115,0.24,0,0,0,16,0,2,0,0,-2
Morton, Charlie,450203,2021,55,62,7,6,1,0,0,31,0,0.127,0.145,0.113,0.258,1,0,0,31,0,7,0,5,-0.5
Fowler, Dexter,451594,2021,20,21,5,5,0,0,0,6,1,0.25,0.25,0.286,0.536,1,0,1,7,0,0,0,3,10
Lester, Jon,452657,2021,48,51,8,5,2,0,1,24,2,0.167,0.271,0.196,0.467,3,0,0,27,0,1,0,3,12
Cabrera, Asdrubal,452678,2021,309,352,71,43,21,0,7,80,36,0.23,0.366,0.313,0.678,42,0,1,110,3,0,4,34,232
LeBlanc, Wade,453281,2021,11,13,0,0,0,0,0,3,0,0,0,0,0,0,0,0,11,0,2,0,0,-1.5
Scherzer, Max,453286,2021,59,63,0,0,0,0,0,28,0,0,0,0,0,1,0,0,28,0,3,1,0,-12
Arrieta, Jake,453562,2021,23,30,3,3,0,0,0,16,2,0.13,0.13,0.2,0.33,0,0,0,24,1,4,0,3,1
Blackmon, Charlie,453568,2021,514,582,139,97,25,4,13,91,54,0.27,0.411,0.351,0.761,78,0,3,150,11,0,3,76,468.5
Frazier, Todd,453943,2021,35,40,3,2,1,0,0,6,3,0.086,0.114,0.2,0.314,4,0,0,13,2,0,0,3,17
Maldonado, Martin,455117,2021,373,426,64,41,10,1,12,127,47,0.172,0.3,0.272,0.573,36,0,0,125,5,0,1,40,212.5
Chirinos, Robinson,455139,2021,97,112,22,11,5,1,5,36,9,0.227,0.454,0.321,0.775,15,0,0,45,5,1,0,13,83
Price, David,456034,2021,15,18,4,3,1,0,0,3,0,0.267,0.333,0.222,0.556,2,0,0,37,0,2,1,1,8.5
Cueto, Johnny,456501,2021,29,37,2,2,0,0,0,9,3,0.069,0.069,0.135,0.204,0,0,1,21,0,5,0,1,3.5
Cain, Lorenzo,456715,2021,257,286,66,45,13,0,8,48,26,0.257,0.401,0.329,0.729,36,2,13,78,2,0,1,40,243
Solano, Donovan,456781,2021,307,344,86,62,17,0,7,58,25,0.28,0.404,0.343,0.747,31,0,2,101,7,1,4,35,228
McCutchen, Andrew,457705,2021,482,574,107,55,24,1,27,132,81,0.222,0.444,0.334,0.778,80,2,6,144,4,0,7,78,481
Upton, Justin,457708,2021,318,362,67,38,12,0,17,107,39,0.211,0.409,0.296,0.704,41,1,4,89,1,0,3,47,252.5
Maybin, Cameron,457727,2021,28,33,1,1,0,0,0,12,3,0.036,0.036,0.182,0.218,0,0,1,9,2,0,0,2,4
Turner, Justin,457759,2021,533,612,148,99,22,0,27,98,61,0.278,0.471,0.361,0.832,87,0,3,151,12,0,6,87,542
Posey III, Buster,457763,2021,395,454,120,79,23,0,18,87,56,0.304,0.499,0.39,0.889,56,0,0,113,1,0,2,68,390.5
Bruce, Jay,457803,2021,34,39,4,2,1,0,1,13,5,0.118,0.235,0.231,0.466,3,0,0,10,0,0,0,3,15.5
Happ, J.A.,457918,2021,14,15,0,0,0,0,0,5,1,0,0,0.067,0.067,0,0,0,10,0,0,0,0,-1.5
Votto, Joey,458015,2021,448,533,119,59,23,1,36,127,77,0.266,0.563,0.375,0.938,99,0,1,129,4,0,4,73,542.5
Gardner, Brett,458731,2021,387,461,86,56,16,4,10,100,60,0.222,0.362,0.323,0.685,39,1,4,140,3,5,6,47,285
Joyce, Matt,459964,2021,55,69,5,2,1,0,2,16,12,0.091,0.218,0.261,0.479,7,0,0,43,1,0,1,6,37
Butera, Drew,460077,2021,32,36,3,2,1,0,0,16,0,0.094,0.125,0.083,0.208,5,0,0,12,0,3,1,1,7
Romine, Andrew,461865,2021,60,64,11,8,2,0,1,24,4,0.183,0.267,0.234,0.501,5,2,0,26,0,0,0,7,23
Andrus, Elvis,462101,2021,497,541,121,91,25,2,3,81,31,0.243,0.32,0.292,0.612,37,2,13,146,6,3,4,60,313.5
Sandoval, Pablo,467055,2021,73,86,13,9,0,0,4,25,11,0.178,0.342,0.302,0.645,11,0,0,69,2,0,0,11,58.5
Ramos, Wilson,467092,2021,151,163,31,18,5,0,8,36,9,0.205,0.397,0.245,0.643,20,0,0,44,0,0,1,15,106
Santana, Carlos,467793,2021,565,659,121,87,15,0,19,102,86,0.214,0.342,0.319,0.66,69,0,2,158,3,0,5,66,439
Parra, Gerardo,467827,2021,97,107,23,16,5,0,2,30,6,0.237,0.351,0.29,0.64,10,1,1,53,2,1,1,13,61
Carrasco, Carlos,471911,2021,15,19,0,0,0,0,0,10,0,0,0,0,0,0,0,0,12,0,4,0,0,-5
Anderson, Brett,474463,2021,28,34,0,0,0,0,0,14,4,0,0,0.118,0.118,1,0,0,24,0,2,0,2,1
Mercer, Jordy,474568,2021,118,127,30,21,7,0,2,34,9,0.254,0.364,0.307,0.671,9,0,0,46,0,0,0,13,66
Belt, Brandon,474832,2021,325,381,89,44,14,2,29,103,48,0.274,0.597,0.378,0.975,59,2,3,97,7,0,1,65,384.5
Zimmerman, Ryan,475582,2021,255,273,62,32,16,0,14,77,16,0.243,0.471,0.286,0.756,46,0,0,110,0,0,2,27,216.5
Lowrie, Jed,476704,2021,457,512,112,70,28,0,14,108,49,0.245,0.398,0.318,0.717,69,0,0,139,2,0,4,55,372
Kershaw, Clayton,477132,2021,36,39,8,8,0,0,0,11,1,0.222,0.222,0.231,0.453,3,0,0,21,0,2,0,2,11.5
Avila, Alex,488671,2021,89,111,17,6,9,1,1,37,19,0.191,0.348,0.342,0.691,9,0,0,34,2,1,0,5,56.5
Brantley Jr., Michael,488726,2021,469,508,146,106,29,3,8,53,33,0.311,0.437,0.362,0.799,47,1,1,121,5,0,1,68,379.5
Castro, Jason,488771,2021,149,179,35,20,7,0,8,54,25,0.235,0.443,0.352,0.795,21,0,0,66,3,2,0,22,131
Miley, Wade,489119,2021,54,59,10,7,3,0,0,13,3,0.185,0.241,0.22,0.461,3,0,0,28,0,2,0,9,24.5
Gurriel, Yuli,493329,2021,530,605,169,123,31,0,15,68,59,0.319,0.462,0.383,0.846,81,1,1,143,4,0,12,83,520
Campbell, Eric,493472,2021,11,12,3,3,0,0,0,1,1,0.273,0.273,0.333,0.606,0,0,0,4,0,0,0,1,4.5
Rojas, Miguel,500743,2021,495,539,131,89,30,3,9,74,37,0.265,0.392,0.321,0.713,48,3,13,132,5,1,1,66,384
Escobar, Eduardo,500871,2021,549,599,139,80,26,5,28,124,48,0.253,0.472,0.314,0.786,90,0,1,146,1,0,1,77,505
Adrianza, Ehire,501303,2021,182,209,45,29,9,2,5,42,21,0.247,0.401,0.325,0.726,28,0,0,109,2,1,3,32,163
Lagares, Juan,501571,2021,309,327,73,45,20,2,6,76,12,0.236,0.372,0.263,0.635,38,2,1,112,1,4,1,39,205
Almonte, Abraham,501659,2021,148,175,32,15,12,0,5,38,26,0.216,0.399,0.331,0.73,19,1,1,64,0,0,1,20,125
Davis, Khris,501981,2021,102,114,21,12,5,1,3,31,10,0.206,0.363,0.272,0.635,10,0,0,42,0,0,2,11,62.5
Gibson, Kyle,502043,2021,29,30,4,3,0,0,1,10,0,0.138,0.241,0.133,0.375,2,0,0,13,0,1,0,3,9
Pham, Tommy,502054,2021,475,561,109,68,24,2,15,128,78,0.229,0.383,0.34,0.724,49,6,14,155,4,0,4,74,394
Martinez, J.D.,502110,2021,570,634,163,90,42,3,28,150,55,0.286,0.518,0.349,0.866,99,0,0,148,3,0,5,92,568
Espino, Paolo,502179,2021,30,33,5,5,0,0,0,15,0,0.167,0.167,0.152,0.318,0,0,0,32,0,3,0,2,-0.5
Reddick, Josh,502210,2021,151,158,39,26,11,0,2,31,6,0.258,0.371,0.285,0.656,21,0,0,54,0,0,1,15,103.5
Freeman, Mike,502273,2021,59,65,11,11,0,0,0,20,5,0.186,0.186,0.262,0.448,3,1,1,37,1,0,0,6,20
Dyson, Jarrod,502481,2021,135,149,28,19,7,2,0,33,10,0.207,0.289,0.255,0.544,10,5,10,102,0,3,1,17,84.5
Anderson, Chase,502624,2021,11,14,0,0,0,0,0,6,0,0,0,0,0,0,0,0,13,0,3,0,0,-3
Goldschmidt, Paul,502671,2021,603,679,177,108,36,2,31,136,67,0.294,0.514,0.365,0.879,99,0,12,158,4,0,5,102,637
Gonzalez, Marwin,503556,2021,276,307,55,36,14,0,5,78,20,0.199,0.304,0.274,0.578,28,2,3,91,9,1,1,30,164
Darvish, Yu,506433,2021,53,55,5,3,2,0,0,25,0,0.094,0.132,0.109,0.241,1,0,0,29,1,1,0,2,-0.5
Leon, Sandy,506702,2021,202,220,37,28,5,0,4,65,12,0.183,0.267,0.236,0.504,14,0,0,83,3,1,2,15,79.5
Sanchez, Adrian,506703,2021,35,38,9,7,2,0,0,4,3,0.257,0.314,0.316,0.63,1,0,0,16,0,0,0,5,19
Altuve, Jose,514888,2021,601,678,167,103,32,1,31,91,66,0.278,0.489,0.35,0.839,83,3,5,146,4,1,6,117,608.5
Hernandez, Cesar,514917,2021,570,637,132,88,21,2,21,135,59,0.232,0.386,0.308,0.694,62,1,1,149,5,0,3,84,425.5
Segura, Jean,516416,2021,514,567,149,105,27,3,14,78,39,0.29,0.436,0.347,0.783,58,3,9,131,9,1,4,76,440
Castro, Starlin,516770,2021,315,346,89,66,20,0,3,62,26,0.283,0.375,0.332,0.707,38,1,0,87,0,0,4,25,213
Marte, Starling,516782,2021,467,526,145,103,27,3,12,99,43,0.31,0.458,0.382,0.84,55,9,47,120,13,1,2,89,504.5
Bumgarner, Madison,518516,2021,39,52,4,3,1,0,0,29,9,0.103,0.128,0.269,0.397,3,0,0,25,1,2,1,3,9.5
Culberson, Charlie,518586,2021,247,271,60,38,15,2,5,64,17,0.243,0.381,0.292,0.672,22,1,7,90,2,4,1,23,161
d'Arnaud, Travis,518595,2021,209,229,46,25,14,0,7,53,17,0.22,0.388,0.284,0.671,26,0,0,60,2,0,1,21,146.5
Donaldson, Josh,518626,2021,457,543,113,61,26,0,26,114,74,0.247,0.475,0.352,0.827,72,0,0,135,4,0,8,73,455
Freeman, Freddie,518692,2021,600,695,180,122,25,2,31,107,85,0.3,0.503,0.393,0.896,83,3,8,159,8,0,2,120,640.5
Grandal, Yasmani,518735,2021,279,375,67,35,9,0,23,82,87,0.24,0.52,0.419,0.938,62,0,0,93,3,1,5,60,378
Heyward, Jason,518792,2021,323,353,69,44,15,2,8,68,27,0.214,0.347,0.28,0.627,30,1,5,104,3,0,0,35,212
Kelly, Merrill,518876,2021,47,58,3,2,1,0,0,27,4,0.064,0.085,0.121,0.206,1,0,0,27,0,7,0,1,-2.5
Kozma, Pete,518902,2021,11,12,1,1,0,0,0,4,1,0.091,0.091,0.167,0.258,0,0,0,3,0,0,0,0,0
LeMahieu, DJ,518934,2021,597,679,160,125,24,1,10,94,73,0.268,0.362,0.349,0.711,57,2,4,150,4,0,5,84,450
Lucroy, Jonathan,518960,2021,19,23,6,5,1,0,0,4,3,0.316,0.368,0.391,0.76,3,0,0,7,0,1,0,2,16
Moore, Matt,519043,2021,19,20,0,0,0,0,0,13,0,0,0,0,0,0,0,0,22,0,1,0,0,-6.5
Moreland, Mitch,519048,2021,229,252,52,30,11,1,10,58,18,0.227,0.415,0.286,0.701,30,0,0,81,2,0,3,28,174
Moustakas, Mike,519058,2021,183,206,38,20,12,0,6,46,18,0.208,0.372,0.282,0.653,22,0,0,62,2,0,3,21,130
Rizzo, Anthony,519203,2021,496,576,123,75,23,3,22,87,52,0.248,0.44,0.344,0.783,61,2,6,141,23,0,5,73,454.5
Romine, Austin,519222,2021,60,62,13,10,2,0,1,22,2,0.217,0.3,0.242,0.542,5,0,0,28,0,0,0,5,24
Sogard, Eric,519299,2021,169,180,42,34,6,1,1,30,9,0.249,0.314,0.283,0.597,12,1,3,78,0,0,2,16,92
Souza Jr., Steven,519306,2021,33,36,5,2,1,1,1,14,2,0.152,0.333,0.222,0.556,3,0,0,17,1,0,0,2,15
Stanton, Giancarlo,519317,2021,510,579,139,85,19,0,35,157,63,0.273,0.516,0.354,0.87,97,0,0,139,3,0,3,64,508.5
Vogt, Stephen,519390,2021,210,238,41,27,6,1,7,56,26,0.195,0.333,0.282,0.615,25,0,0,78,0,1,1,24,142
Galvis, Freddy,520471,2021,356,394,86,56,15,1,14,77,27,0.242,0.407,0.299,0.707,40,0,1,104,5,2,3,53,273.5
Perez, Salvador,521692,2021,620,665,169,97,24,0,48,170,28,0.273,0.544,0.316,0.859,121,0,1,161,13,0,4,88,625
Flores, Wilmer,527038,2021,389,436,102,67,16,1,18,56,41,0.262,0.447,0.335,0.782,53,0,1,139,3,0,3,57,355
LaMarre, Ryan,534606,2021,21,24,4,2,0,0,2,6,2,0.19,0.476,0.292,0.768,4,0,1,9,1,0,0,3,23
Tovar, Wilfredo,541600,2021,11,12,2,2,0,0,0,4,1,0.182,0.182,0.25,0.432,1,0,0,6,0,0,0,0,3
Garcia, Avisail,541645,2021,461,515,121,74,18,0,29,121,38,0.262,0.49,0.33,0.82,86,4,8,135,11,0,5,68,466.5
Perez, Hernan,541650,2021,19,21,1,1,0,0,0,10,2,0.053,0.053,0.143,0.195,0,0,0,10,0,0,0,1,-1
Inciarte, Ender,542255,2021,79,89,17,13,2,0,2,22,7,0.215,0.316,0.27,0.586,10,0,1,52,0,2,1,11,54
Ozuna, Marcell,542303,2021,188,208,40,27,6,0,7,46,19,0.213,0.356,0.288,0.645,26,0,0,48,1,0,0,21,137
Villar, Jonathan,542340,2021,454,505,113,75,18,2,18,132,46,0.249,0.416,0.321,0.737,42,7,14,142,3,2,0,63,340
Ortega, Rafael,542364,2021,296,330,86,59,14,2,11,70,30,0.291,0.463,0.358,0.82,33,6,12,103,2,2,0,44,262
Santana, Danny,542454,2021,116,127,21,13,2,1,5,30,10,0.181,0.345,0.252,0.597,14,2,4,38,1,0,0,15,85
Aguilar, Jesus,542583,2021,449,510,117,72,23,0,22,93,46,0.261,0.459,0.325,0.784,93,0,0,131,3,0,7,49,443.5
Anderson, Tyler,542881,2021,39,40,4,3,0,0,1,29,1,0.103,0.179,0.125,0.304,1,0,0,18,0,0,0,1,-3.5
Berti, Jon,542932,2021,233,271,49,34,10,1,4,61,32,0.21,0.313,0.31,0.623,19,4,8,85,3,1,2,35,162.5
Brantly, Rob,542963,2021,20,21,3,2,1,0,0,4,0,0.15,0.2,0.19,0.39,0,0,0,6,1,0,0,0,3
Burns, Andy,542992,2021,11,15,3,2,1,0,0,1,3,0.273,0.364,0.467,0.83,0,0,0,9,1,0,0,2,9.5
Crawford, Brandon,543063,2021,483,549,144,87,30,3,24,105,56,0.298,0.522,0.373,0.895,90,3,11,138,5,0,5,79,538.5
Cron, C.J.,543068,2021,470,547,132,72,31,1,28,117,60,0.281,0.53,0.375,0.905,92,0,1,142,13,0,4,70,519.5
DeSclafani, Anthony,543101,2021,51,62,2,1,1,0,0,33,4,0.039,0.059,0.097,0.156,1,0,0,33,0,7,0,2,-5.5
Dickerson, Alex,543105,2021,283,312,66,41,10,2,13,76,23,0.233,0.42,0.304,0.725,38,0,1,111,6,0,0,37,225
Gomes, Yan,543228,2021,349,375,88,58,15,1,14,78,19,0.252,0.421,0.301,0.723,52,0,0,103,6,0,1,49,286
Gray, Sonny,543243,2021,41,43,6,6,0,0,0,10,1,0.146,0.146,0.163,0.309,0,0,0,24,0,1,0,4,6
Grossman, Robbie,543257,2021,557,671,133,84,23,3,23,155,98,0.239,0.415,0.356,0.771,67,5,20,156,8,2,6,88,516.5
Harrison, Josh,543281,2021,505,558,141,98,33,2,8,75,31,0.279,0.4,0.341,0.741,60,6,9,138,18,0,3,58,403.5
Hendricks, Kyle,543294,2021,52,61,6,5,1,0,0,26,2,0.115,0.135,0.131,0.266,1,0,0,30,0,7,0,3,1
Hicks, Aaron,543305,2021,108,126,21,14,3,0,4,30,14,0.194,0.333,0.294,0.627,14,0,0,32,2,0,2,13,78
Hicks, John,543308,2021,31,31,8,3,1,0,4,8,0,0.258,0.677,0.258,0.935,7,0,0,10,0,0,0,6,37
Higashioka, Kyle,543309,2021,193,211,35,15,10,0,10,59,17,0.181,0.389,0.246,0.635,29,0,0,67,0,0,1,20,140.5
Hosmer, Eric,543333,2021,509,565,137,97,28,0,12,99,48,0.269,0.395,0.336,0.731,65,4,5,151,5,1,2,53,393.5
Lavarnway, Ryan,543432,2021,28,30,7,4,3,0,0,10,1,0.25,0.357,0.267,0.624,0,0,0,9,0,1,0,2,8
McCann, James,543510,2021,375,412,87,64,12,1,10,115,32,0.232,0.349,0.294,0.643,46,2,1,121,2,0,3,29,228.5
Miller, Brad,543543,2021,331,377,75,43,9,3,20,112,45,0.227,0.453,0.321,0.774,49,0,3,140,1,0,0,53,297
Nola, Austin,543592,2021,173,194,47,33,12,0,2,19,14,0.272,0.376,0.34,0.716,29,1,0,56,5,0,2,15,146.5
Rendon, Anthony,543685,2021,217,249,52,33,13,0,6,41,29,0.24,0.382,0.329,0.712,34,0,0,58,1,0,2,24,184.5
Semien, Marcus,543760,2021,652,724,173,87,39,2,45,146,66,0.265,0.538,0.334,0.873,102,1,16,162,3,0,3,115,697
Shaw, Travis,543768,2021,220,250,44,24,11,0,9,68,24,0.2,0.373,0.284,0.657,39,0,0,84,3,2,1,20,173
Springer III, George,543807,2021,299,342,79,37,19,1,22,79,37,0.264,0.555,0.351,0.906,50,1,4,78,4,0,1,59,333.5
Vazquez, Christian,543877,2021,458,498,118,88,23,1,6,84,33,0.258,0.352,0.307,0.659,49,5,8,138,2,1,4,51,314
Wong, Kolten,543939,2021,445,492,121,73,32,2,14,83,31,0.272,0.447,0.335,0.783,50,5,12,116,13,0,3,70,390.5
Gregorius, Didi,544369,2021,368,408,77,46,16,2,13,67,25,0.209,0.37,0.27,0.639,54,0,3,103,8,0,7,35,284.5
Garcia, Leury,544725,2021,415,474,111,80,22,4,5,97,41,0.267,0.376,0.329,0.705,54,2,6,126,4,9,5,60,330.5
Vargas, Ildemaro,545121,2021,77,83,12,8,3,1,0,17,6,0.156,0.221,0.217,0.438,7,0,1,34,0,0,0,7,37.5
Bauer, Trevor,545333,2021,30,34,1,1,0,0,0,11,1,0.033,0.033,0.059,0.092,1,0,0,14,0,3,0,0,-1.5
Grichuk, Randal,545341,2021,511,545,123,75,25,1,22,114,27,0.241,0.423,0.281,0.703,81,3,0,149,3,0,4,59,407
Marisnick, Jake,545350,2021,176,198,38,23,7,3,5,65,11,0.216,0.375,0.283,0.658,24,1,4,99,7,2,2,21,127.5
Stassi, Max,545358,2021,282,319,68,43,11,1,13,101,28,0.241,0.426,0.326,0.752,35,0,0,87,8,0,1,45,220.5
Trout, Mike,545361,2021,117,146,39,22,8,1,8,41,27,0.333,0.624,0.466,1.09,18,0,2,36,2,0,0,23,144.5
Herrera, Odubel,546318,2021,450,492,117,75,27,2,13,77,29,0.26,0.416,0.309,0.724,51,1,6,124,6,1,5,59,355.5
Alford, Anthony,546990,2021,133,148,31,19,6,1,5,58,12,0.233,0.406,0.311,0.717,11,6,5,49,3,0,0,14,80
Almora Jr., Albert,546991,2021,52,54,6,3,3,0,0,17,2,0.115,0.173,0.148,0.321,0,0,0,47,0,0,0,3,5.5
Poteet, Cody,547001,2021,10,11,1,1,0,0,0,3,0,0.1,0.1,0.091,0.191,1,0,0,7,0,1,0,1,2.5
Ruiz, Rio,547004,2021,125,141,21,14,4,0,3,38,12,0.168,0.272,0.241,0.513,10,0,2,62,1,1,2,11,63
Wolters, Tony,547172,2021,24,30,3,3,0,0,0,12,5,0.125,0.125,0.267,0.392,0,1,0,14,0,1,0,3,4
Harper, Bryce,547180,2021,488,599,151,73,42,1,35,134,100,0.309,0.615,0.427,1.042,84,3,13,141,5,2,4,101,630
Perez, Roberto,547379,2021,141,161,21,11,3,0,7,56,17,0.149,0.319,0.242,0.561,17,0,1,44,1,2,0,13,84
Kim, Kwang Hyun,547942,2021,26,29,3,2,1,0,0,9,0,0.115,0.154,0.138,0.292,2,0,0,25,1,2,0,0,4.5
Abreu, Jose,547989,2021,566,659,148,86,30,2,30,143,61,0.261,0.481,0.351,0.831,117,0,1,152,22,0,10,86,605.5
Diaz, Elias,553869,2021,338,371,83,46,18,1,18,60,30,0.246,0.464,0.31,0.774,44,0,0,106,2,0,1,52,299
Narvaez, Omar,553882,2021,391,445,104,73,20,0,11,84,41,0.266,0.402,0.342,0.743,49,0,0,123,7,0,6,54,315
Astudillo, Willians,553902,2021,208,216,49,34,8,0,7,12,3,0.236,0.375,0.259,0.634,21,0,0,72,4,0,1,17,138
Suarez, Eugenio,553993,2021,505,574,100,46,23,0,31,171,56,0.198,0.428,0.286,0.713,79,1,0,145,8,0,5,71,422.5
Wheeler, Zack,554430,2021,68,73,11,9,2,0,0,39,0,0.162,0.191,0.151,0.342,3,0,0,32,0,5,0,1,0.5
Polanco, Gregory,570256,2021,336,382,70,45,12,2,11,104,36,0.208,0.354,0.283,0.637,36,1,14,107,2,0,8,38,242
Gonzalez, Erik,570481,2021,220,229,51,41,7,1,2,40,8,0.232,0.3,0.258,0.558,21,2,2,71,0,0,1,17,115
Urshela, Gio,570482,2021,420,442,112,78,18,2,14,109,20,0.267,0.419,0.301,0.72,49,0,1,116,1,0,1,42,284.5
Schoop, Jonathan,570731,2021,623,674,173,120,30,1,22,133,37,0.278,0.435,0.32,0.755,84,0,2,156,6,0,8,85,504.5
Adams, Matt,571431,2021,36,40,6,5,1,0,0,9,4,0.167,0.194,0.25,0.444,2,0,0,22,0,0,0,3,13.5
Arenado, Nolan,571448,2021,593,653,151,80,34,3,34,96,50,0.255,0.494,0.312,0.807,105,0,2,157,3,0,7,81,593
Barnhart, Tucker,571466,2021,348,388,86,58,21,0,7,100,29,0.247,0.368,0.317,0.685,48,0,0,116,8,0,3,41,252
Corbin, Patrick,571578,2021,53,63,7,7,0,0,0,24,3,0.132,0.132,0.159,0.291,0,0,0,28,0,7,0,1,-1
Farmer, Kyle,571657,2021,483,529,127,87,22,2,16,97,22,0.263,0.416,0.316,0.732,63,3,2,147,18,1,5,60,379.5
Goodwin, Brian,571718,2021,235,271,52,33,10,1,8,58,33,0.221,0.374,0.317,0.692,29,0,1,72,1,1,1,33,186
Hamilton, Billy,571740,2021,127,135,28,15,8,3,2,47,4,0.22,0.378,0.237,0.615,11,0,9,71,0,3,1,23,91.5
Haniger, Mitch,571745,2021,620,691,157,93,23,2,39,169,54,0.253,0.485,0.318,0.804,100,0,1,157,9,0,8,110,591.5
Hernandez, Enrique,571771,2021,508,585,127,69,35,3,20,110,61,0.25,0.449,0.337,0.786,60,0,1,134,9,0,7,84,449
Holt, Brock,571788,2021,235,260,49,33,13,1,2,49,23,0.209,0.298,0.281,0.579,23,1,5,76,1,0,1,21,145.5
Lamb, Jake,571875,2021,144,170,28,17,4,0,7,51,22,0.194,0.368,0.306,0.674,19,0,0,55,2,0,2,25,114.5
Maile, Luke,571912,2021,30,34,9,5,4,0,0,7,3,0.3,0.433,0.382,0.816,3,0,0,15,1,0,0,6,25.5
Marrero, Deven,571918,2021,16,19,3,2,0,0,1,6,3,0.188,0.375,0.316,0.691,1,0,1,10,0,0,0,4,14
Mikolas, Miles,571945,2021,8,15,0,0,0,0,0,5,1,0,0,0.067,0.067,0,0,0,9,0,6,0,0,-1.5
Muncy, Max,571970,2021,497,592,124,60,26,2,36,120,83,0.249,0.527,0.368,0.895,94,1,2,144,11,0,1,95,582
Myers, Wil,571976,2021,442,500,113,70,24,2,17,141,54,0.256,0.434,0.334,0.768,63,5,8,146,0,0,4,56,368.5
Naquin, Tyler,571980,2021,411,454,111,66,24,2,19,106,35,0.27,0.477,0.333,0.809,70,3,5,127,5,0,3,52,382
Owings, Chris,572008,2021,43,50,14,6,4,3,1,15,7,0.326,0.628,0.42,1.048,5,1,2,21,0,0,0,9,48.5
Piscotty, Stephen,572039,2021,173,188,38,25,8,0,5,48,13,0.22,0.353,0.282,0.635,16,0,1,72,2,0,0,14,100
Pollock, AJ,572041,2021,384,422,114,65,27,1,21,80,30,0.297,0.536,0.355,0.892,69,1,9,117,6,0,2,53,410
Seager, Kyle,572122,2021,603,670,128,63,29,1,35,161,59,0.212,0.438,0.285,0.723,101,1,3,159,4,0,4,73,526.5
Taylor, Michael A.,572191,2021,483,528,118,89,16,1,12,144,33,0.244,0.356,0.295,0.652,54,7,14,142,5,2,5,58,325
Thompson, Trayce,572204,2021,28,35,7,2,1,0,4,11,7,0.25,0.714,0.4,1.114,9,0,2,15,0,0,0,6,49.5
Voit III, Luke,572228,2021,213,241,51,32,7,1,11,74,21,0.239,0.437,0.328,0.764,35,0,0,68,7,0,0,26,180
Walker, Christian,572233,2021,401,445,98,64,23,1,10,106,38,0.244,0.382,0.315,0.696,46,0,0,115,4,0,2,55,289
Zunino, Mike,572287,2021,333,375,72,26,11,2,33,132,34,0.216,0.559,0.301,0.86,62,0,0,109,7,0,1,64,349
Carpenter, Matt,572761,2021,207,249,35,20,11,1,3,77,35,0.169,0.275,0.305,0.581,21,0,2,130,6,0,1,18,123.5
Dickerson, Corey,572816,2021,336,365,91,62,18,5,6,68,25,0.271,0.408,0.326,0.734,29,5,6,109,3,0,1,43,239
Garneau, Dustin,572863,2021,62,68,13,2,5,0,6,18,3,0.21,0.581,0.25,0.831,11,0,0,20,1,0,2,9,62
Ruf, Darin,573131,2021,262,312,71,40,13,2,16,87,46,0.271,0.519,0.385,0.904,43,1,2,117,3,0,1,41,271.5
Stroman, Marcus,573186,2021,51,58,5,3,2,0,0,24,4,0.098,0.137,0.155,0.292,1,0,1,30,0,3,0,2,5
Yastrzemski, Mike,573262,2021,468,532,105,49,28,3,25,131,51,0.224,0.457,0.31,0.767,71,0,4,139,9,1,3,75,433.5
Contreras, Willson,575929,2021,413,483,98,57,20,0,21,138,52,0.237,0.438,0.34,0.778,57,4,5,128,14,0,4,61,359
Iglesias, Jose,578428,2021,483,511,131,93,27,2,9,75,21,0.271,0.391,0.309,0.701,48,2,5,137,6,0,1,65,347.5
Torreyes, Ronald,591720,2021,318,344,77,59,10,1,7,41,19,0.242,0.346,0.282,0.628,41,1,2,111,1,5,1,30,224.5
Valera, Breyvic,591971,2021,87,97,22,15,6,0,1,12,8,0.253,0.356,0.309,0.666,15,0,1,39,0,1,1,10,75
Bryant, Kris,592178,2021,513,586,136,77,32,2,25,135,62,0.265,0.481,0.353,0.835,73,2,10,144,9,0,2,86,500.5
Canha, Mark,592192,2021,519,625,120,77,22,4,17,128,77,0.231,0.387,0.358,0.746,61,2,12,141,27,0,2,93,478
Casali, Curt,592200,2021,200,231,42,25,11,1,5,66,26,0.21,0.35,0.312,0.662,26,0,0,77,4,1,0,20,139
Castellanos, Nick,592206,2021,531,585,164,91,38,1,34,121,41,0.309,0.576,0.362,0.939,100,1,3,138,7,0,6,95,593.5
DeShields, Delino,592261,2021,47,58,12,6,5,0,1,11,9,0.255,0.426,0.362,0.788,6,1,2,25,0,2,0,4,42.5
Drury, Brandon,592273,2021,84,88,23,14,5,0,4,22,3,0.274,0.476,0.307,0.783,14,0,0,51,1,0,0,7,68
Gamel, Ben,592325,2021,340,400,84,55,18,3,8,105,51,0.247,0.388,0.345,0.733,26,6,3,122,3,2,4,43,228.5
Gausman, Kevin,592332,2021,54,62,10,10,0,0,0,31,2,0.185,0.185,0.194,0.379,4,0,0,31,0,5,1,6,10.5
Gonzalez, Chi Chi,592346,2021,31,34,5,4,1,0,0,16,1,0.161,0.194,0.176,0.37,1,0,0,24,0,2,0,3,4
Goodrum, Niko,592348,2021,290,325,62,40,11,2,9,107,29,0.214,0.359,0.292,0.651,33,5,14,90,4,0,2,39,211.5
Gray, Jon,592351,2021,47,50,5,5,0,0,0,32,0,0.106,0.106,0.1,0.206,3,0,0,30,0,3,0,2,-3
Holaday, Bryan,592407,2021,31,34,6,4,2,0,0,15,1,0.194,0.258,0.265,0.523,1,0,0,13,2,0,0,2,7.5
Jones, JaCoby,592444,2021,100,105,17,13,2,0,2,42,5,0.17,0.25,0.21,0.46,9,2,2,36,0,0,0,9,38
Judge, Aaron,592450,2021,550,633,158,95,24,0,39,158,75,0.287,0.544,0.373,0.916,98,2,6,148,3,0,5,89,593
Machado, Manny,592518,2021,564,640,157,96,31,2,28,102,63,0.278,0.489,0.347,0.836,106,5,12,153,2,0,11,92,613
Marmolejos, Jose,592530,2021,106,122,17,9,4,0,4,39,15,0.16,0.311,0.262,0.574,12,0,0,41,0,0,1,11,63.5
Moran, Colin,592567,2021,318,359,82,60,12,0,10,87,36,0.258,0.39,0.334,0.724,50,0,1,99,2,0,3,29,249.5
Payton, Mark,592622,2021,22,24,4,4,0,0,0,7,2,0.182,0.182,0.25,0.432,0,0,0,24,0,0,0,2,4.5
Pederson, Joc,592626,2021,429,481,102,62,19,3,18,117,39,0.238,0.422,0.31,0.732,61,3,2,137,8,0,5,55,347.5
Ramos, Henry,592656,2021,50,55,10,7,2,0,1,12,4,0.2,0.3,0.255,0.555,8,0,0,18,0,0,1,5,34
Realmuto, J.T.,592663,2021,476,537,125,79,25,4,17,129,48,0.263,0.439,0.343,0.782,73,3,13,134,11,0,2,64,436.5
Renfroe, Hunter,592669,2021,521,572,135,71,33,0,31,130,44,0.259,0.501,0.315,0.816,96,2,1,144,1,0,6,89,522
Rosario, Eddie,592696,2021,379,412,98,62,19,3,14,61,26,0.259,0.435,0.303,0.739,62,3,11,111,1,2,4,42,346.5
Sampson, Adrian,592716,2021,7,11,0,0,0,0,0,7,0,0,0,0,0,0,0,0,10,0,4,0,0,-3.5
Sanchez, Aaron,592717,2021,10,10,0,0,0,0,0,7,0,0,0,0,0,0,0,0,9,0,0,0,0,-3.5
Simmons, Andrelton,592743,2021,412,451,92,77,12,0,3,62,32,0.223,0.274,0.282,0.556,31,0,1,131,3,3,1,37,218
Smith, Caleb,592761,2021,22,25,2,1,1,0,0,14,1,0.091,0.136,0.16,0.296,0,0,1,45,1,1,0,2,2
Smyly, Drew,592767,2021,41,43,3,3,0,0,0,19,0,0.073,0.073,0.07,0.143,0,0,0,29,0,2,0,0,-6.5
Velasquez, Vince,592826,2021,23,30,2,2,0,0,0,9,2,0.087,0.087,0.133,0.22,3,0,0,24,0,5,0,0,5.5
Walker, Taijuan,592836,2021,47,51,5,5,0,0,0,29,1,0.106,0.106,0.137,0.244,1,0,0,28,1,2,0,0,-5.5
Wilkerson, Stevie,592859,2021,72,76,12,9,3,0,0,30,3,0.167,0.208,0.211,0.419,2,0,2,30,1,0,0,5,17
Williams, Mason,592863,2021,33,37,7,5,1,0,1,9,4,0.212,0.333,0.297,0.631,1,1,0,17,0,0,0,3,14.5
Williams, Trevor,592866,2021,25,28,5,5,0,0,0,9,1,0.2,0.2,0.214,0.414,1,0,0,21,0,2,0,1,4.5
Yelich, Christian,592885,2021,399,475,99,69,19,2,9,113,70,0.248,0.373,0.362,0.736,51,3,9,117,3,0,3,70,352.5
Merrifield, Whit,593160,2021,664,720,184,129,42,3,10,103,40,0.277,0.395,0.317,0.711,74,4,40,162,4,0,12,97,575.5
Martinez, Carlos,593372,2021,24,25,2,1,1,0,0,15,0,0.083,0.125,0.08,0.205,0,0,0,16,0,1,0,1,-3.5
Bogaerts, Xander,593428,2021,529,603,156,98,34,1,23,113,62,0.295,0.493,0.37,0.863,79,1,5,144,5,0,7,90,528.5
Bonifacio, Jorge,593528,2021,11,12,1,1,0,0,0,6,1,0.091,0.091,0.167,0.258,2,0,0,7,0,0,0,0,3
Rivas, Webster,593590,2021,68,77,15,11,2,0,2,16,8,0.221,0.338,0.299,0.637,4,0,0,24,0,1,0,8,39
Alberto, Hanser,593643,2021,241,255,65,40,20,3,2,26,4,0.27,0.402,0.286,0.689,24,1,4,103,4,4,2,25,172
Polanco, Jorge,593871,2021,588,644,158,88,35,2,33,118,45,0.269,0.503,0.323,0.826,98,6,11,152,5,0,6,97,596
Sano, Miguel,593934,2021,470,532,105,51,24,0,30,183,59,0.223,0.466,0.312,0.778,75,1,2,135,2,0,1,68,409.5
Difo, Wilmer,594694,2021,219,240,59,45,7,3,4,54,20,0.269,0.384,0.329,0.713,24,0,1,116,0,0,1,25,152
Calhoun, Kole,594777,2021,166,182,39,26,8,0,5,41,15,0.235,0.373,0.297,0.67,17,0,1,51,0,0,1,17,109.5
deGrom, Jacob,594798,2021,33,33,12,11,1,0,0,9,0,0.364,0.394,0.364,0.758,6,0,0,15,0,0,0,4,24.5
Duvall, Adam,594807,2021,513,555,117,60,17,2,38,174,35,0.228,0.491,0.281,0.772,113,0,5,146,4,0,3,67,507
Eaton, Adam,594809,2021,254,288,51,33,10,2,6,71,22,0.201,0.327,0.278,0.605,30,0,3,83,7,4,1,38,180.5
Gosselin, Phil,594838,2021,345,373,90,69,14,0,7,81,24,0.261,0.362,0.314,0.676,47,2,4,104,3,0,1,40,251.5
Schebler, Scott,594988,2021,34,34,5,2,3,0,0,17,0,0.147,0.235,0.147,0.382,0,0,0,14,0,0,0,3,2.5
Kiermaier, Kevin,595281,2021,348,390,90,60,19,7,4,99,33,0.259,0.388,0.328,0.716,37,5,9,122,5,0,4,54,264.5
Knapp, Andrew,595284,2021,145,159,22,17,3,0,2,61,10,0.152,0.214,0.214,0.428,11,0,0,62,2,1,1,13,47.5
Wallach, Chad,595453,2021,60,66,12,9,2,1,0,32,3,0.2,0.267,0.242,0.509,6,0,0,23,1,0,2,2,18
Alfaro, Jorge,595751,2021,295,311,72,52,15,1,4,99,11,0.244,0.342,0.283,0.625,30,1,8,92,5,0,0,22,164.5
Profar, Jurickson,595777,2021,353,412,80,57,17,2,4,65,49,0.227,0.32,0.328,0.648,33,5,10,137,6,1,2,47,263.5
Baez, Javier,595879,2021,502,547,133,82,18,2,31,184,28,0.265,0.494,0.318,0.812,87,5,18,138,13,0,3,80,482
Cave, Jake,595909,2021,164,178,31,21,6,1,3,62,10,0.189,0.293,0.247,0.54,13,1,1,76,3,1,0,14,71
Evans, Phillip,595943,2021,214,247,44,34,5,0,5,53,28,0.206,0.299,0.312,0.611,16,0,1,76,5,0,0,23,127.5
Gallagher, Cam,595956,2021,112,124,28,21,6,0,1,20,8,0.25,0.33,0.29,0.621,7,0,0,48,0,2,1,9,58
Hedges, Austin,595978,2021,286,312,51,34,7,0,10,87,15,0.178,0.308,0.215,0.522,31,0,1,88,1,7,3,32,156.5
Heineman, Scott,595981,2021,30,34,3,1,0,0,2,15,3,0.1,0.3,0.206,0.506,3,0,0,19,1,0,0,5,16.5
Lindor, Francisco,596019,2021,452,524,104,65,16,3,20,96,58,0.23,0.412,0.319,0.73,63,4,10,125,5,6,3,73,416
Nogowski Jr., John,596056,2021,129,143,30,22,7,0,1,22,12,0.233,0.31,0.301,0.611,14,1,0,52,1,0,1,14,83
Odor, Rougned,596059,2021,322,361,65,38,12,0,15,100,27,0.202,0.379,0.285,0.664,39,1,0,102,11,1,0,42,229
Slater, Austin,596103,2021,274,306,66,41,12,1,12,84,28,0.241,0.423,0.32,0.744,32,3,15,129,4,0,0,39,236
Story, Trevor,596115,2021,526,595,132,69,34,5,24,139,53,0.251,0.471,0.329,0.801,75,6,20,142,11,0,5,88,514.5
Stubbs, Garrett,596117,2021,34,38,6,4,2,0,0,7,2,0.176,0.235,0.211,0.446,3,0,0,18,0,2,0,2,14.5
Vogelbach, Daniel,596129,2021,215,258,47,30,8,0,9,57,43,0.219,0.381,0.349,0.73,24,0,0,93,0,0,0,30,174.5
Weaver, Luke,596133,2021,19,22,2,2,0,0,0,12,1,0.105,0.105,0.136,0.242,1,0,0,13,0,2,0,1,0
Sanchez, Gary,596142,2021,383,440,78,41,13,1,23,121,52,0.204,0.423,0.307,0.73,54,0,0,117,5,0,0,54,320.5
Kepler, Max,596146,2021,426,490,90,46,21,4,19,96,54,0.211,0.413,0.306,0.719,54,0,10,121,6,0,4,61,377
Gomber, Austin,596295,2021,32,42,3,3,0,0,0,13,1,0.094,0.094,0.095,0.189,1,0,0,22,0,9,0,0,-0.5
Quinn, Roman,596451,2021,52,62,9,5,2,2,0,19,6,0.173,0.288,0.306,0.595,2,3,4,28,4,0,0,8,32.5
Franco, Maikel,596748,2021,377,403,79,46,22,0,11,67,20,0.21,0.355,0.253,0.609,47,0,0,104,3,0,3,31,248.5
Garcia, Robel,596825,2021,106,117,16,12,3,0,1,42,8,0.151,0.208,0.214,0.421,8,0,0,46,1,1,1,8,34
Choi, Ji-Man,596847,2021,258,305,59,34,14,0,11,87,45,0.229,0.411,0.348,0.758,45,0,0,83,2,0,0,36,235.5
Bradley Jr., Jackie,598265,2021,387,428,63,40,14,3,6,132,28,0.163,0.261,0.236,0.497,29,1,7,134,10,0,3,39,183
Motter, Taylor,600301,2021,26,29,5,3,1,1,0,8,3,0.192,0.308,0.276,0.584,1,0,0,16,0,0,0,5,14
La Stella, Tommy,600303,2021,220,242,55,36,11,1,7,26,18,0.25,0.405,0.306,0.71,27,1,0,76,1,0,1,26,174
Severino, Pedro,600474,2021,379,419,94,65,18,0,11,109,34,0.248,0.383,0.308,0.69,46,0,0,113,1,0,5,32,249.5
Nunez, Renato,600524,2021,53,55,10,3,3,0,4,16,1,0.189,0.472,0.218,0.69,7,0,0,14,1,0,0,7,40
Candelario, Jeimer,600869,2021,557,626,151,90,42,3,16,135,65,0.271,0.443,0.351,0.795,67,0,0,149,4,0,0,75,457.5
Daza, Yonathan,602074,2021,301,331,85,69,12,2,2,60,21,0.282,0.355,0.326,0.682,30,1,2,107,2,6,1,26,189
Urias, Ramon,602104,2021,262,296,73,52,14,0,7,76,28,0.279,0.412,0.361,0.774,38,2,1,85,6,0,0,33,213
Rondon, Jose,602922,2021,80,90,21,15,3,0,3,17,8,0.263,0.413,0.322,0.735,9,0,2,63,0,0,2,13,67.5
Ahmed, Nick,605113,2021,434,473,96,58,30,3,5,104,34,0.221,0.339,0.279,0.618,38,2,7,129,2,2,1,46,265
Anderson, Brian,605119,2021,233,264,58,42,9,0,7,65,26,0.249,0.378,0.337,0.715,28,0,5,67,5,0,0,24,176.5
Barnes, Austin,605131,2021,200,225,43,29,8,0,6,56,20,0.215,0.345,0.298,0.643,23,1,1,77,4,1,0,28,140
Bell, Josh,605137,2021,498,568,130,78,24,1,27,101,65,0.261,0.476,0.347,0.823,88,0,0,144,2,0,3,75,504.5
Betts, Mookie,605141,2021,466,550,123,68,29,3,23,86,68,0.264,0.487,0.367,0.854,58,5,10,122,11,0,5,93,487
Caratini, Victor,605170,2021,313,356,71,55,9,0,7,82,35,0.227,0.323,0.309,0.632,39,0,2,116,4,0,4,33,214
Davies, Zach,605200,2021,34,44,6,6,0,0,0,8,0,0.176,0.176,0.136,0.313,2,0,0,31,0,10,0,2,8
Davis, J.D.,605204,2021,179,211,51,34,12,0,5,68,24,0.285,0.436,0.384,0.82,23,0,1,73,6,0,2,18,140
Garcia, Aramis,605244,2021,88,94,18,14,1,0,3,28,1,0.205,0.318,0.234,0.552,7,0,0,32,3,2,0,8,40
Houser, Adrian,605288,2021,42,46,3,1,0,0,2,30,2,0.071,0.214,0.109,0.323,2,0,0,26,0,2,0,2,2
Lopez, Jack,605346,2021,13,16,2,0,2,0,0,6,1,0.154,0.308,0.188,0.495,0,0,0,7,0,2,0,2,4
Machin, Vimael,605353,2021,32,37,4,4,0,0,0,10,3,0.125,0.125,0.189,0.314,1,0,0,15,0,2,0,1,5
Martini, Nick,605361,2021,37,45,10,9,1,0,0,10,6,0.27,0.297,0.356,0.653,4,1,0,25,0,0,2,4,23
Musgrove, Joe,605397,2021,51,57,7,5,2,0,0,23,1,0.137,0.176,0.14,0.317,1,0,0,36,0,4,1,2,2.5
Nola, Aaron,605400,2021,49,63,7,5,2,0,0,29,6,0.143,0.184,0.206,0.39,4,0,0,31,0,7,1,5,13.5
Panik, Joe,605412,2021,236,257,49,37,9,0,3,34,17,0.208,0.284,0.265,0.548,18,0,2,95,2,1,1,17,126
Perez, Michael,605421,2021,210,231,30,14,8,1,7,68,19,0.143,0.29,0.221,0.511,21,1,0,70,2,0,0,19,108
Ross, Joe,605452,2021,32,39,8,8,0,0,0,14,1,0.25,0.25,0.256,0.506,3,0,0,21,1,5,0,1,10
Snell, Blake,605483,2021,34,37,4,4,0,0,0,17,0,0.118,0.118,0.108,0.226,0,0,0,25,0,3,0,1,-3.5
Thompson, Zach,605507,2021,15,18,2,1,1,0,0,9,0,0.133,0.2,0.111,0.311,0,0,0,25,0,3,0,0,-1.5
Woodruff, Brandon,605540,2021,52,58,6,6,0,0,0,28,3,0.115,0.115,0.155,0.271,2,0,0,28,0,3,0,0,-1
Zimmer, Bradley,605548,2021,299,348,68,50,9,1,8,122,30,0.227,0.344,0.325,0.669,35,3,15,99,15,0,4,44,228
Castro, Harold,605612,2021,315,339,89,72,13,1,3,72,14,0.283,0.359,0.307,0.666,37,1,1,106,1,4,5,35,202
Arcia, Orlando,606115,2021,81,89,16,11,3,0,2,19,7,0.198,0.309,0.258,0.567,14,0,1,36,0,0,1,9,61.5
Tapia, Raimel,606132,2021,487,533,133,99,26,2,6,70,40,0.273,0.372,0.326,0.698,50,6,20,133,1,1,4,69,390
Aquino, Aristides,606157,2021,174,204,33,16,6,1,10,75,27,0.19,0.408,0.299,0.707,23,2,2,84,1,0,2,25,134.5
Hernandez, Teoscar,606192,2021,550,595,163,102,29,0,32,148,36,0.296,0.524,0.346,0.87,116,4,12,143,7,0,2,92,601
Mercedes, Yermin,606213,2021,240,262,65,48,9,1,7,46,20,0.271,0.404,0.328,0.732,37,1,0,68,1,0,1,26,194
Peraza, Jose,606299,2021,142,154,29,16,7,0,6,26,9,0.204,0.38,0.266,0.647,20,0,1,64,3,0,0,21,116
Marte, Ketel,606466,2021,340,374,108,64,29,1,14,60,31,0.318,0.532,0.377,0.909,50,0,2,90,2,0,1,52,340
Greiner, Grayson,606988,2021,72,82,17,12,4,0,1,31,9,0.236,0.333,0.317,0.65,7,0,0,31,0,1,0,7,38.5
Haase, Eric,606992,2021,351,381,81,46,12,1,22,119,26,0.231,0.459,0.286,0.745,61,0,2,98,2,0,2,48,303.5
Hager, Jake,606993,2021,26,30,3,3,0,0,0,14,4,0.115,0.115,0.233,0.349,2,0,0,14,0,0,0,2,6
Nimmo, Brandon,607043,2021,325,386,95,67,17,3,8,79,54,0.292,0.437,0.399,0.836,28,4,5,92,5,2,0,51,274.5
Peterson, Jace,607054,2021,259,302,64,46,11,1,6,68,38,0.247,0.367,0.348,0.714,31,1,10,94,3,0,2,36,219
Wilson, Jacob,607111,2021,20,21,3,1,1,1,0,3,1,0.15,0.3,0.19,0.49,1,0,0,12,0,0,0,3,10.5
Fedde, Erick,607200,2021,36,43,0,0,0,0,0,14,1,0,0,0.023,0.023,1,0,0,28,0,5,1,0,-4
Turner, Trea,607208,2021,595,646,195,130,34,3,28,110,41,0.328,0.536,0.375,0.911,77,5,32,148,6,0,4,107,631
Gant, John,607231,2021,13,18,0,0,0,0,0,8,0,0,0,0,0,0,0,0,24,0,5,0,0,-4
Smith, Kevan,607345,2021,95,106,16,13,3,0,0,31,10,0.168,0.2,0.245,0.445,3,0,0,33,0,0,0,8,27.5
Beaty, Matt,607461,2021,204,234,55,43,4,1,7,44,20,0.27,0.402,0.363,0.765,40,2,2,120,10,0,0,35,207
Blandino, Alex,607468,2021,70,82,14,10,4,0,0,28,8,0.2,0.257,0.317,0.574,5,0,1,43,4,0,0,9,37
Freeland, Kyle,607536,2021,33,40,6,5,1,0,0,17,2,0.182,0.212,0.2,0.412,4,0,0,23,0,4,1,3,11.5
Pillar, Kevin,607680,2021,325,347,75,47,11,2,15,81,11,0.231,0.415,0.277,0.692,47,3,4,124,10,0,1,40,254.5
Stallings, Jacob,607732,2021,374,427,92,63,20,1,8,85,49,0.246,0.369,0.335,0.704,53,0,0,112,2,0,2,38,290.5
Ramirez, Jose,608070,2021,552,636,147,74,32,5,36,87,72,0.266,0.538,0.355,0.893,103,4,27,152,7,0,5,111,699.5
Bregman, Alex,608324,2021,348,400,94,65,17,0,12,53,44,0.27,0.422,0.355,0.777,55,0,1,91,4,0,4,54,334.5
De Jong, Chase,608328,2021,12,15,1,0,1,0,0,5,0,0.083,0.167,0.067,0.233,0,0,0,10,0,3,0,1,0.5
Fried, Max,608331,2021,55,67,15,12,3,0,0,18,4,0.273,0.327,0.284,0.611,5,0,0,31,0,8,0,7,30
Gallo, Joey,608336,2021,498,616,99,47,13,1,38,213,111,0.199,0.458,0.351,0.808,77,0,6,153,6,0,1,90,494.5
Kelly, Carson,608348,2021,304,359,73,48,11,1,13,74,44,0.24,0.411,0.343,0.754,46,0,0,98,6,0,5,41,271
Seager, Corey,608369,2021,353,409,108,67,22,3,16,66,48,0.306,0.521,0.394,0.915,57,1,1,95,5,0,3,54,373
Williams, Nick,608384,2021,10,13,0,0,0,0,0,4,1,0,0,0.231,0.231,0,0,0,4,2,0,0,2,3
Winker, Jesse,608385,2021,423,485,129,72,32,1,24,75,53,0.305,0.556,0.394,0.949,71,0,1,110,9,0,0,77,480.5
Godoy, Jose,608422,2021,37,40,6,5,1,0,0,14,3,0.162,0.189,0.225,0.414,3,0,0,16,0,0,0,2,11
Marquez, German,608566,2021,53,60,14,8,5,0,1,13,0,0.264,0.415,0.233,0.648,9,0,0,29,0,7,0,5,38.5
Mazara, Nomar,608577,2021,165,181,35,25,5,2,3,45,15,0.212,0.321,0.276,0.597,19,0,0,50,0,0,1,12,95.5
Murphy, Tom,608596,2021,277,325,56,37,8,0,11,99,40,0.202,0.35,0.302,0.652,34,0,0,97,2,0,3,35,192.5
Guzman, Ronald,608597,2021,16,17,1,0,0,0,1,6,1,0.063,0.25,0.118,0.368,1,0,0,7,0,0,0,1,5
Jankowski, Travis,608671,2021,131,157,33,24,6,2,1,29,22,0.252,0.351,0.357,0.708,10,0,5,76,1,2,0,24,108.5
Mayfield, Jack,608686,2021,266,290,58,33,15,0,10,68,17,0.218,0.387,0.269,0.656,39,1,5,86,3,3,1,30,206
Plawecki, Kevin,608700,2021,157,173,45,35,7,0,3,26,12,0.287,0.389,0.347,0.735,15,0,0,64,3,1,0,15,108
Refsnyder, Rob,608701,2021,139,157,34,25,7,0,2,40,17,0.245,0.338,0.325,0.663,12,0,1,51,0,0,1,21,91
Mondesi, Adalberto,609275,2021,126,136,29,14,8,1,6,43,6,0.23,0.452,0.265,0.717,17,1,15,35,1,3,0,19,124.5
Andujar, Miguel,609280,2021,154,162,39,31,2,0,6,28,7,0.253,0.383,0.284,0.667,12,1,0,45,0,0,1,19,94
Vosler, Jason,613564,2021,73,82,13,6,4,0,3,21,7,0.178,0.356,0.256,0.612,9,0,2,41,1,0,1,12,57.5
Cordero, Franchy,614173,2021,127,136,24,17,6,0,1,51,8,0.189,0.26,0.235,0.495,9,1,1,48,0,1,0,12,46.5
Reyes, Franmil,614177,2021,418,466,106,56,18,2,30,149,43,0.254,0.522,0.324,0.846,85,1,4,115,2,0,3,57,422.5
Torrens, Luis,620443,2021,346,378,84,51,16,2,15,99,28,0.243,0.431,0.299,0.73,47,0,0,108,1,0,3,39,261.5
Robertson, Daniel,621002,2021,73,90,12,8,2,0,2,28,12,0.164,0.274,0.3,0.574,4,0,0,50,3,1,1,10,39
Lopes, Tim,621005,2021,10,11,1,1,0,0,0,4,1,0.1,0.1,0.182,0.282,0,1,0,7,0,0,0,1,0
Martin Jr., Richie,621006,2021,98,105,23,20,2,0,1,28,4,0.235,0.286,0.267,0.552,8,2,0,37,1,1,1,9,42
Schrock, Max,621011,2021,125,134,36,24,7,2,3,24,8,0.288,0.448,0.328,0.776,14,1,1,53,0,0,1,19,100
Swanson, Dansby,621020,2021,588,653,146,84,33,2,27,167,52,0.248,0.449,0.311,0.76,88,3,9,160,5,1,7,78,506.5
Newman, Kevin,621028,2021,517,554,117,87,22,3,5,41,27,0.226,0.309,0.262,0.571,39,1,6,148,1,6,3,50,306.5
Taylor, Chris,621035,2021,507,582,129,80,25,4,20,167,63,0.254,0.438,0.344,0.782,73,1,13,148,8,1,3,92,472.5
Correa, Carlos,621043,2021,555,640,155,94,34,1,26,116,75,0.279,0.485,0.366,0.85,92,0,0,148,4,0,6,104,578
Eflin, Zach,621107,2021,29,37,0,0,0,0,0,15,1,0,0,0.054,0.054,1,0,0,17,1,6,0,1,-2.5
Buehler, Walker,621111,2021,69,82,7,5,2,0,0,45,5,0.101,0.13,0.146,0.277,3,0,0,34,0,8,0,5,2.5
Mills, Alec,621219,2021,32,36,1,0,1,0,0,26,0,0.031,0.063,0.028,0.09,0,0,0,31,0,4,0,1,-10
Dahl, David,621311,2021,205,220,43,28,11,0,4,59,10,0.21,0.322,0.245,0.567,18,1,2,63,1,1,3,19,105.5
Phillips, Brett,621433,2021,253,292,52,26,9,4,13,113,33,0.206,0.427,0.298,0.725,44,3,14,118,2,2,2,50,249.5
Taylor, Tyrone,621438,2021,243,271,60,36,9,3,12,59,20,0.247,0.457,0.321,0.778,43,1,6,93,7,0,1,33,238.5
Buxton, Byron,621439,2021,235,254,72,30,23,0,19,62,13,0.306,0.647,0.358,1.005,32,1,10,61,6,0,0,50,273
Brinson, Lewis,621446,2021,274,290,62,39,14,0,9,72,13,0.226,0.376,0.262,0.638,33,1,1,89,1,1,1,24,172
Bolt, Skye,621450,2021,57,60,5,3,1,0,1,15,1,0.088,0.158,0.1,0.258,4,0,2,34,0,2,0,5,19.5
Duggar, Steven,621453,2021,268,297,69,42,14,5,8,88,27,0.257,0.437,0.33,0.767,35,0,7,107,2,0,0,45,231
Rios, Edwin,621458,2021,51,60,4,3,0,0,1,18,7,0.078,0.137,0.217,0.354,1,0,0,25,2,0,0,4,13
Stewart, DJ,621466,2021,270,318,55,33,10,0,12,89,44,0.204,0.374,0.324,0.698,33,0,0,100,4,0,0,39,209.5
Ward, Taylor,621493,2021,208,237,52,29,15,0,8,55,20,0.25,0.438,0.329,0.767,33,1,1,65,6,2,1,33,189.5
Mathisen, Wyatt,621500,2021,42,51,5,4,0,0,1,21,5,0.119,0.19,0.255,0.445,8,0,0,23,3,0,1,3,24.5
Nido, Tomas,621512,2021,153,161,34,25,5,1,3,44,5,0.222,0.327,0.261,0.588,13,0,1,58,3,0,0,16,80
Bemboom, Anthony,621532,2021,27,28,6,6,0,0,0,10,1,0.222,0.222,0.25,0.472,2,0,0,8,0,0,0,2,8
Wisdom, Patrick,621550,2021,338,375,78,37,13,0,28,153,32,0.231,0.518,0.304,0.822,61,1,4,106,4,0,0,54,317.5
Moroff, Max,621559,2021,16,16,1,1,0,0,0,10,0,0.063,0.063,0.063,0.125,1,0,0,6,0,0,0,0,-2
Wendle, Joey,621563,2021,460,501,122,76,31,4,11,113,28,0.265,0.422,0.319,0.741,54,6,8,136,10,0,3,73,366.5
Olson, Matt,621566,2021,565,673,153,79,35,0,39,113,88,0.271,0.54,0.371,0.911,111,1,4,156,9,0,11,101,675.5
Dean, Austin,621573,2021,30,38,7,4,2,0,1,11,6,0.233,0.4,0.342,0.742,7,0,0,22,0,0,2,5,31.5
Wood, Alex,622072,2021,38,47,0,0,0,0,0,26,5,0,0,0.106,0.106,0,1,0,24,0,4,0,0,-9
Jones, Taylor,622100,2021,102,108,25,14,8,1,2,29,4,0.245,0.402,0.269,0.67,16,0,0,35,0,0,2,11,73.5
Duffy, Matt,622110,2021,289,322,83,66,12,0,5,63,25,0.287,0.381,0.357,0.738,30,1,8,97,7,0,1,45,230.5
Munoz, Yairo,622168,2021,11,11,1,1,0,0,0,2,0,0.091,0.091,0.091,0.182,0,0,0,5,0,0,0,0,0
Walton, Donovan,622268,2021,63,69,13,8,2,1,2,15,4,0.206,0.365,0.246,0.611,7,0,1,24,0,2,0,6,41.5
Castillo, Luis,622491,2021,49,59,8,6,2,0,0,23,1,0.163,0.204,0.153,0.357,2,0,0,30,0,9,0,1,4.5
Crismatt, Nabil,622503,2021,10,11,0,0,0,0,0,6,0,0,0,0,0,0,0,0,43,0,1,0,0,-3
Margot, Manuel,622534,2021,421,464,107,76,18,3,10,70,37,0.254,0.382,0.313,0.695,57,8,13,125,1,1,4,55,351
Reyes, Pablo,622569,2021,78,87,20,14,5,0,1,15,9,0.256,0.359,0.333,0.692,3,0,4,53,0,0,0,12,55.5
Senzatela, Antonio,622608,2021,39,51,2,2,0,0,0,19,0,0.051,0.051,0.039,0.09,1,0,0,27,0,12,0,1,-4.5
Camargo, Johan,622666,2021,16,18,0,0,0,0,0,6,2,0,0,0.111,0.111,0,0,0,15,0,0,0,1,0
Reyes, Victor,622682,2021,209,220,54,35,10,4,5,55,8,0.258,0.416,0.282,0.698,22,1,5,76,0,2,1,26,146.5
Hernandez, Elieser,622694,2021,14,18,1,1,0,0,0,7,0,0.071,0.071,0.056,0.127,0,0,0,11,0,4,0,1,-1.5
Mateo, Jorge,622761,2021,194,209,48,32,11,1,4,55,9,0.247,0.376,0.292,0.668,14,3,10,89,4,1,1,19,122.5
Velazquez, Andrew,623205,2021,67,68,15,9,4,1,1,23,1,0.224,0.358,0.235,0.594,6,1,4,28,0,0,0,11,43.5
Giambrone, Trent,623508,2021,13,13,2,2,0,0,0,4,0,0.154,0.154,0.154,0.308,0,0,0,5,0,0,0,0,0
Bote, David,623520,2021,291,327,58,38,10,2,8,73,27,0.199,0.33,0.275,0.605,35,1,0,97,5,1,3,32,192.5
Ramirez, Harold,623912,2021,339,361,91,62,21,1,7,56,14,0.268,0.398,0.305,0.703,41,1,3,99,5,0,3,33,246
Santander, Anthony,623993,2021,406,438,98,56,24,0,18,101,23,0.241,0.433,0.285,0.719,50,1,1,110,4,1,4,54,307.5
Suarez, Ranger,624133,2021,16,23,3,1,2,0,0,5,1,0.188,0.313,0.217,0.53,1,0,0,35,1,5,0,2,8.5
Alonso, Pete,624413,2021,561,637,147,80,27,3,37,127,60,0.262,0.519,0.344,0.863,94,0,3,152,12,0,4,81,574.5
Arroyo, Christian,624414,2021,164,181,43,25,12,0,6,44,8,0.262,0.445,0.32,0.766,25,0,1,57,7,1,0,22,140
Biggio, Cavan,624415,2021,250,294,56,38,10,1,7,78,37,0.224,0.356,0.32,0.676,27,2,3,79,1,1,4,27,173
Conforto, Michael,624424,2021,406,479,94,60,20,0,14,104,59,0.232,0.384,0.344,0.729,55,0,1,125,12,0,2,52,339
Frazier, Adam,624428,2021,577,639,176,130,36,5,5,69,48,0.305,0.411,0.366,0.777,43,5,10,155,10,3,1,83,444.5
Trevino, Jose,624431,2021,285,302,68,49,14,0,5,57,12,0.239,0.34,0.265,0.605,30,1,1,89,0,2,3,23,164.5
Gordon, Nick,624503,2021,200,216,48,34,9,1,4,55,12,0.24,0.355,0.292,0.647,23,1,10,73,3,0,1,19,142.5
McGuire, Reese,624512,2021,198,217,50,34,15,0,1,44,15,0.253,0.343,0.309,0.652,10,0,0,78,2,1,1,22,105
Nunez, Dom,624513,2021,228,263,43,18,12,3,10,91,34,0.189,0.399,0.293,0.692,33,0,0,81,0,0,1,31,176.5
Soler, Jorge,624585,2021,516,602,115,61,27,0,27,142,67,0.223,0.432,0.312,0.744,70,0,0,149,6,0,5,74,439
Sosa, Edmundo,624641,2021,288,326,78,60,8,4,6,63,17,0.271,0.389,0.344,0.732,27,4,4,113,17,1,2,39,211.5
Heredia, Guillermo,628338,2021,305,347,67,36,26,0,5,81,32,0.22,0.354,0.311,0.665,26,0,0,120,9,0,1,46,206.5
Hernandez, Yadiel,628450,2021,264,289,72,54,8,1,9,59,22,0.273,0.413,0.329,0.742,32,0,3,112,1,0,2,33,205.5
Ibanez, Andy,628451,2021,253,272,70,46,15,2,7,35,15,0.277,0.435,0.32,0.755,25,0,0,76,2,1,1,31,190.5
Urias, Julio,628711,2021,59,70,12,10,2,0,0,22,0,0.203,0.237,0.186,0.423,9,0,0,30,1,10,0,5,27
Cronenworth, Jake,630105,2021,567,643,151,90,33,7,21,90,55,0.266,0.46,0.336,0.796,71,3,4,152,10,3,3,94,522
Crowe, Wil,640444,2021,35,41,2,1,1,0,0,14,1,0.057,0.086,0.098,0.183,0,0,0,27,1,4,0,2,0
Frazier, Clint,640449,2021,183,218,34,20,9,0,5,65,32,0.186,0.317,0.317,0.633,15,0,2,66,3,0,0,20,114.5
Meadows, Austin,640457,2021,518,591,121,62,29,3,27,122,59,0.234,0.458,0.315,0.772,106,3,5,142,6,0,8,79,539
Mercado, Oscar,640458,2021,214,238,48,30,11,1,6,42,21,0.224,0.369,0.298,0.667,19,1,7,72,2,1,0,27,159
Pinder, Chad,640461,2021,214,233,52,29,16,1,6,62,16,0.243,0.411,0.3,0.712,27,0,1,75,2,0,1,30,161
Alzolay, Adbert,640470,2021,31,33,2,1,1,0,0,13,1,0.065,0.097,0.091,0.188,0,0,0,28,0,1,0,1,-1.5
Lopez, Pablo,641154,2021,33,35,2,0,2,0,0,17,0,0.061,0.121,0.057,0.178,0,0,0,20,0,2,0,2,-2.5
Anderson, Tim,641313,2021,527,551,163,115,29,2,17,119,22,0.309,0.469,0.338,0.806,61,7,18,123,1,0,1,94,455.5
Bauers, Jake,641343,2021,282,315,59,48,7,0,4,78,30,0.209,0.277,0.289,0.565,19,1,6,115,2,0,0,27,147
Bellinger, Cody,641355,2021,315,350,52,31,9,2,10,94,31,0.165,0.302,0.24,0.542,36,1,3,95,1,0,3,39,196
Calhoun, Willie,641432,2021,260,284,65,46,10,3,6,34,21,0.25,0.381,0.31,0.691,25,2,0,75,2,0,1,26,179
Collins, Zack,641470,2021,195,231,41,24,13,0,4,69,34,0.21,0.338,0.329,0.667,26,2,1,78,1,1,0,25,143.5
Crawford, J.P.,641487,2021,619,687,169,123,37,0,9,114,58,0.273,0.376,0.338,0.714,54,6,3,160,5,1,4,89,436
Davis, Jonathan,641505,2021,87,103,11,9,1,0,1,26,12,0.126,0.172,0.252,0.425,4,1,4,64,3,0,1,20,52
Dozier, Hunter,641531,2021,487,543,105,56,27,6,16,154,43,0.216,0.394,0.285,0.68,54,4,5,144,7,0,6,55,334
Engel, Adam,641553,2021,123,140,31,15,9,0,7,31,11,0.252,0.496,0.336,0.832,18,1,7,39,5,0,1,21,131.5
Fargas, Johneshwy,641561,2021,52,54,13,8,3,2,0,15,1,0.25,0.385,0.259,0.644,5,2,1,22,0,1,0,4,27.5
Fowler, Dustin,641583,2021,41,46,7,6,1,0,0,20,3,0.171,0.195,0.239,0.434,2,0,1,18,1,0,1,3,11
Fraley, Jake,641584,2021,214,265,45,29,7,0,9,71,46,0.21,0.369,0.351,0.72,36,2,10,78,2,1,2,27,208.5
Garver, Mitch,641598,2021,207,243,53,25,15,0,13,71,31,0.256,0.517,0.358,0.875,34,1,1,68,3,0,2,29,203.5
Guillorme, Luis,641645,2021,132,156,35,31,3,0,1,23,23,0.265,0.311,0.372,0.682,5,2,0,69,0,1,0,13,73.5
Hampson, Garrett,641658,2021,453,494,106,68,21,6,11,118,33,0.234,0.38,0.287,0.667,33,7,17,147,3,3,2,69,311
Heim, Jonah,641680,2021,265,285,52,29,13,0,10,58,15,0.196,0.358,0.239,0.597,32,1,3,82,1,1,3,22,173
Hermosillo, Michael,641684,2021,36,38,7,2,2,0,3,12,1,0.194,0.5,0.237,0.737,7,0,0,16,1,0,0,5,33
Kuhl, Chad,641771,2021,21,24,1,1,0,0,0,11,1,0.048,0.048,0.083,0.131,0,0,0,27,0,2,0,1,-2.5
Lauer, Eric,641778,2021,26,37,4,3,0,0,1,15,3,0.154,0.269,0.216,0.485,4,0,0,24,1,6,1,3,14.5
Lewis, Kyle,641786,2021,130,147,32,23,4,0,5,37,16,0.246,0.392,0.333,0.726,11,0,2,36,1,0,0,15,90.5
Locastro, Tim,641796,2021,139,156,25,19,4,0,2,33,7,0.18,0.252,0.263,0.515,7,3,5,64,9,0,1,15,70.5
Mahle, Tyler,641816,2021,55,66,3,3,0,0,0,19,4,0.055,0.055,0.106,0.161,1,0,0,32,0,7,0,1,0.5
Mancini III, Trey,641820,2021,556,616,142,87,33,1,21,143,51,0.255,0.432,0.326,0.758,71,0,0,147,8,0,1,77,446.5
Martin, Jason,641829,2021,144,154,30,21,3,0,6,41,8,0.208,0.354,0.247,0.601,17,1,3,58,0,1,1,14,91.5
McKinney, Billy,641856,2021,265,300,51,28,11,3,9,79,32,0.192,0.358,0.28,0.638,27,0,2,116,1,0,2,32,178.5
McMahon, Ryan,641857,2021,528,596,134,78,32,1,23,147,59,0.254,0.449,0.331,0.779,86,2,6,151,4,0,5,80,488.5
Neuse, Sheldon,641914,2021,65,66,11,7,1,0,3,26,1,0.169,0.323,0.182,0.505,4,1,1,33,0,0,0,6,24
Nottingham, Jacob,641924,2021,40,45,6,2,1,0,3,20,2,0.15,0.4,0.222,0.622,6,0,0,15,2,0,1,5,27
O'Neill, Tyler,641933,2021,482,537,138,76,26,2,34,168,38,0.286,0.56,0.352,0.912,80,4,15,138,13,0,4,89,512
Palacios, Josh,641943,2021,35,42,7,7,0,0,0,11,3,0.2,0.2,0.286,0.486,4,0,0,13,2,1,1,7,21.5
Rogers, Josh,642028,2021,12,14,0,0,0,0,0,4,1,0,0,0.071,0.071,0,0,0,6,0,1,0,0,-1
Sisco, Chance,642082,2021,74,83,11,8,3,0,0,21,7,0.149,0.189,0.241,0.43,4,0,0,28,2,0,0,5,25.5
Smith, Dominic,642086,2021,446,493,109,78,20,0,11,112,32,0.244,0.363,0.304,0.667,58,1,2,145,9,0,6,43,309
Smith, Riley,642092,2021,16,17,0,0,0,0,0,11,0,0,0,0,0,0,0,0,24,0,1,0,0,-5.5
Tellez, Rowdy,642133,2021,297,325,72,45,14,2,11,65,23,0.242,0.414,0.305,0.719,36,0,0,106,4,0,1,34,223.5
Valaika, Pat,642162,2021,259,281,52,39,8,0,5,76,16,0.201,0.29,0.249,0.539,25,1,1,90,2,1,3,17,123
VanMeter, Josh,642165,2021,274,310,58,33,17,2,6,83,33,0.212,0.354,0.297,0.651,36,2,3,112,1,0,2,26,191.5
Wade, Tyler,642180,2021,127,145,34,28,5,1,0,37,16,0.268,0.323,0.352,0.675,5,6,17,103,1,0,0,31,108.5
White, Eli,642201,2021,198,220,35,22,6,1,6,66,18,0.177,0.308,0.259,0.567,15,3,4,64,4,0,0,26,111
Widener, Taylor,642203,2021,16,18,1,1,0,0,0,11,1,0.063,0.063,0.111,0.174,0,0,0,20,0,1,0,1,-2.5
Williams, Justin,642211,2021,119,137,19,15,0,0,4,46,17,0.16,0.261,0.27,0.531,11,1,0,51,1,0,0,10,57
Wong, Kean,642221,2021,60,66,10,7,2,1,0,17,2,0.167,0.233,0.182,0.415,6,1,0,32,0,4,0,3,21.5
Mejia, Francisco,642336,2021,250,277,65,41,15,3,6,49,17,0.26,0.416,0.321,0.737,35,0,0,84,7,1,2,31,204.5
Siri, Jose,642350,2021,46,49,14,9,0,1,4,17,1,0.304,0.609,0.347,0.956,9,1,3,21,2,0,0,10,55.5
Sierra, Magneuris,642423,2021,209,225,48,41,6,1,0,50,15,0.23,0.268,0.28,0.548,5,0,11,123,0,1,0,27,105
Peralta, Freddy,642547,2021,43,45,4,4,0,0,0,22,1,0.093,0.093,0.111,0.204,0,0,0,28,0,1,0,1,-5
Rosario, Amed,642708,2021,550,588,155,113,25,6,11,120,31,0.282,0.409,0.321,0.731,57,0,13,141,3,0,4,77,416
Adames, Willy,642715,2021,497,555,130,72,32,1,25,156,57,0.262,0.481,0.337,0.818,73,4,5,140,0,0,1,77,447
Gutierrez, Kelvin,642721,2021,272,295,63,49,8,3,3,76,19,0.232,0.316,0.292,0.608,20,1,0,85,4,0,0,23,133
Alcantara, Sergio,642727,2021,220,255,45,31,6,3,5,74,30,0.205,0.327,0.302,0.629,17,0,3,89,2,1,2,30,137
Estrada, Thairo,642731,2021,121,132,33,22,4,0,7,23,9,0.273,0.479,0.333,0.813,22,0,2,52,2,0,0,19,124.5
Leyba, Domingo,642736,2021,87,96,10,8,1,0,1,23,8,0.115,0.161,0.198,0.359,4,0,0,34,1,0,0,6,25.5
Wynns, Austin,642851,2021,130,139,24,16,4,0,4,31,8,0.185,0.308,0.23,0.538,14,0,1,45,0,1,0,14,76.5
Benintendi, Andrew,643217,2021,493,538,136,90,27,2,17,97,36,0.276,0.442,0.323,0.766,73,9,8,134,2,1,6,63,423.5
Cooper, Garrett,643265,2021,215,250,61,41,10,1,9,68,30,0.284,0.465,0.38,0.845,33,1,1,71,4,0,1,30,197
Craig, Will,643269,2021,60,65,13,10,2,0,1,22,5,0.217,0.3,0.277,0.577,3,0,0,18,0,0,0,5,23
Dubon, Mauricio,643289,2021,175,187,42,28,9,0,5,41,9,0.24,0.377,0.278,0.655,22,1,3,74,1,0,2,20,124.5
Jansen, Danny,643376,2021,184,205,41,17,13,0,11,44,17,0.223,0.473,0.298,0.77,28,0,0,70,3,1,0,32,173
Kemp, Tony,643393,2021,330,397,92,65,16,3,8,51,52,0.279,0.418,0.378,0.796,37,2,8,131,6,4,5,54,312.5
Kiner-Falefa, Isiah,643396,2021,635,677,172,136,25,3,8,90,28,0.271,0.357,0.312,0.669,53,5,20,158,11,1,2,74,436
Long Jr., Shed,643418,2021,111,121,22,13,4,1,4,39,9,0.198,0.36,0.256,0.617,17,0,1,34,0,1,0,13,78.5
McNeil, Jeff,643446,2021,386,426,97,70,19,1,7,58,29,0.251,0.36,0.319,0.679,35,1,3,120,10,0,1,48,272
Schwindel, Frank,643524,2021,242,259,79,44,20,1,14,41,16,0.326,0.591,0.371,0.962,43,1,2,64,1,0,0,44,272.5
Tauchman, Mike,643565,2021,166,191,30,21,5,0,4,58,23,0.181,0.283,0.283,0.566,15,3,3,75,1,1,0,22,97
Chang, Yu,644374,2021,237,251,54,28,14,3,9,69,11,0.228,0.426,0.267,0.693,39,0,1,89,2,0,1,32,191.5
Tromp, Chadwick,644433,2021,18,18,4,3,0,0,1,4,0,0.222,0.389,0.222,0.611,2,0,0,9,0,0,0,1,10
Alcantara, Sandy,645261,2021,58,64,2,1,1,0,0,45,3,0.034,0.052,0.094,0.145,0,0,0,30,1,2,0,0,-15.5
Albies, Ozzie,645277,2021,629,686,163,86,40,7,30,128,47,0.259,0.488,0.31,0.799,106,4,20,156,3,0,7,103,644
Robles, Victor,645302,2021,315,369,64,40,21,1,2,85,33,0.203,0.295,0.306,0.601,19,6,8,107,16,4,1,37,184.5
Ford, Mike,645801,2021,60,72,8,5,0,0,3,23,11,0.133,0.283,0.278,0.561,5,0,0,22,1,0,0,6,33.5
Devers, Rafael,646240,2021,591,664,165,89,37,1,38,143,62,0.279,0.538,0.352,0.89,113,5,5,156,7,0,4,101,647.5
Naylor, Josh,647304,2021,233,250,59,39,13,0,7,45,14,0.253,0.399,0.3,0.699,21,0,1,69,2,0,0,28,158.5
Toro, Abraham,647351,2021,335,375,80,57,12,0,11,54,31,0.239,0.373,0.315,0.688,46,3,6,95,7,0,2,45,282
Diaz, Aledmys,649557,2021,294,319,76,49,19,0,8,62,16,0.259,0.405,0.317,0.721,45,1,0,84,9,0,0,28,230
Urias, Luis,649966,2021,490,570,122,73,25,1,23,116,63,0.249,0.445,0.342,0.787,75,2,5,150,10,1,3,77,468
Diaz, Lewin,650331,2021,122,128,25,12,4,1,8,33,6,0.205,0.451,0.242,0.693,13,0,0,40,0,0,0,16,86.5
Arraez, Luis,650333,2021,428,479,126,101,17,6,2,48,43,0.294,0.376,0.357,0.733,42,2,2,121,2,0,6,58,326
Jimenez, Eloy,650391,2021,213,231,53,33,10,0,10,57,16,0.249,0.437,0.303,0.74,37,0,0,55,1,0,1,23,178.5
Torres, Gleyber,650402,2021,459,516,119,88,22,0,9,104,50,0.259,0.366,0.329,0.695,51,6,14,127,1,2,4,50,341
Castro, Willi,650489,2021,413,450,91,61,15,6,9,109,23,0.22,0.351,0.271,0.622,38,4,9,125,8,3,3,56,267.5
Diaz, Yandy,650490,2021,465,541,119,85,20,1,13,85,69,0.256,0.387,0.353,0.74,64,1,1,134,3,0,4,62,400.5
De La Cruz, Bryan,650559,2021,199,219,59,45,7,2,5,53,18,0.296,0.427,0.356,0.783,19,1,1,58,1,0,1,17,133.5
Rengifo, Luis,650859,2021,174,190,35,28,1,0,6,38,9,0.201,0.31,0.242,0.552,18,0,1,54,2,3,2,22,106
Pozo, Yohel,650968,2021,74,77,21,16,4,0,1,10,3,0.284,0.378,0.312,0.69,9,0,0,21,0,0,0,8,52
Adams, Riley,656180,2021,99,120,22,11,8,1,2,40,15,0.222,0.384,0.358,0.742,10,0,0,47,6,0,0,13,72
Allen, Greg,656185,2021,37,48,10,5,4,1,0,13,5,0.27,0.432,0.417,0.849,2,0,5,15,5,0,1,9,42.5
Bradley, Bobby,656252,2021,245,279,51,25,10,0,16,99,25,0.208,0.445,0.294,0.739,41,0,0,74,6,0,3,36,208.5
Chapman, Matt,656305,2021,529,622,111,66,15,3,27,202,80,0.21,0.403,0.314,0.716,72,2,3,151,4,0,9,75,419
Chavis, Michael,656308,2021,121,124,30,19,7,1,3,42,1,0.248,0.397,0.258,0.655,11,2,1,43,1,0,1,16,67
Deichmann, Greg,656364,2021,30,31,4,4,0,0,0,14,1,0.133,0.133,0.161,0.295,1,0,0,14,0,0,0,0,0
Diaz, Isan,656371,2021,238,278,46,33,9,0,4,73,34,0.193,0.282,0.291,0.573,17,1,1,89,1,1,3,25,125.5
Ellis, Drew,656403,2021,69,83,9,6,2,0,1,27,10,0.13,0.203,0.277,0.48,5,0,0,28,4,0,0,10,34.5
Fairchild, Stuart,656413,2021,15,17,2,1,1,0,0,3,1,0.133,0.2,0.235,0.435,2,0,0,12,1,0,0,3,10.5
Flaherty, Jack,656427,2021,17,26,2,1,0,0,1,7,5,0.118,0.294,0.269,0.563,3,0,0,15,0,3,1,2,14.5
Gilbert, Tyler,656457,2021,9,11,0,0,0,0,0,6,0,0,0,0,0,0,0,0,8,0,2,0,0,-3
Gittens, Chris,656467,2021,36,44,4,3,0,0,1,13,7,0.111,0.194,0.25,0.444,5,0,0,16,0,0,1,1,18.5
Harrison, Monte,656509,2021,10,11,2,1,1,0,0,3,0,0.2,0.3,0.182,0.482,0,1,0,9,0,1,0,0,0.5
Haseley, Adam,656514,2021,21,21,4,3,1,0,0,4,0,0.19,0.238,0.19,0.429,0,0,0,9,0,0,0,2,5
Hill, Derek,656537,2021,139,150,36,27,3,3,3,42,10,0.259,0.388,0.313,0.702,14,3,6,49,1,0,0,19,100
Hilliard, Sam,656541,2021,214,238,46,23,7,2,14,87,23,0.215,0.463,0.294,0.757,34,0,5,81,1,0,0,32,189.5
Hoffman, Jeff,656546,2021,15,16,2,2,0,0,0,3,0,0.133,0.133,0.125,0.258,1,0,0,30,0,1,0,1,3.5
Holloway, Jordan,656548,2021,10,10,1,1,0,0,0,6,0,0.1,0.1,0.1,0.2,0,0,0,12,0,0,0,0,-2
Hoskins, Rhys,656555,2021,389,443,96,40,29,0,27,108,47,0.247,0.53,0.334,0.864,71,2,3,107,5,0,2,64,414
Jackson, Alex,656577,2021,131,151,18,11,4,0,3,73,13,0.137,0.237,0.252,0.488,12,0,0,52,7,0,0,13,51.5
Joe, Connor,656582,2021,179,211,51,34,9,0,8,41,26,0.285,0.469,0.379,0.848,35,0,0,63,3,0,3,23,185.5
Keller, Mitch,656605,2021,28,32,3,3,0,0,0,14,2,0.107,0.107,0.156,0.263,0,0,0,23,0,2,0,2,0
Luplow, Jordan,656669,2021,163,193,33,14,8,0,11,57,28,0.202,0.454,0.326,0.78,28,2,1,61,2,0,0,23,154.5
McKinstry, Zach,656716,2021,158,172,34,18,9,0,7,50,10,0.215,0.405,0.262,0.667,29,1,1,60,1,1,2,19,128
Megill, Tylor,656731,2021,28,31,6,3,3,0,0,17,1,0.214,0.321,0.226,0.547,0,0,0,18,0,2,0,1,2.5
Mullins II, Cedric,656775,2021,602,675,175,103,37,5,30,125,59,0.291,0.518,0.359,0.877,59,8,30,159,8,1,4,91,577.5
O'Hearn, Ryan,656811,2021,236,254,53,38,5,1,9,71,13,0.225,0.369,0.268,0.636,29,1,0,84,2,0,3,23,146.5
Padlo, Kevin,656821,2021,13,15,1,0,1,0,0,9,2,0.077,0.154,0.2,0.354,0,0,0,10,0,0,0,1,0.5
Peters, DJ,656847,2021,223,240,44,21,9,1,13,82,12,0.197,0.422,0.242,0.663,38,0,2,70,2,0,3,29,176
Peterson, David,656849,2021,16,20,1,0,1,0,0,10,0,0.063,0.125,0.1,0.225,0,0,0,14,1,3,0,2,0
Rivera, Emmanuel,656896,2021,90,98,23,18,4,0,1,21,8,0.256,0.333,0.316,0.65,5,0,2,29,0,0,0,13,54.5
Schwarber, Kyle,656941,2021,399,471,106,55,19,0,32,127,64,0.266,0.554,0.374,0.928,71,1,1,113,6,0,2,76,446.5
Smith, Pavin,656976,2021,498,545,133,91,27,4,11,106,42,0.267,0.404,0.328,0.732,49,0,1,145,4,0,1,68,362
Steele, Justin,657006,2021,13,13,2,2,0,0,0,4,0,0.154,0.154,0.154,0.308,0,0,0,17,0,0,0,3,3
Stokes Jr., Troy,657011,2021,18,20,2,1,1,0,0,5,1,0.111,0.167,0.2,0.367,2,0,1,8,1,0,0,2,10.5
Thomas, Lane,657041,2021,226,264,53,29,15,2,7,63,37,0.235,0.412,0.341,0.752,28,3,7,77,0,0,1,35,200.5
Toussaint, Touki,657053,2021,15,18,0,0,0,0,0,9,2,0,0,0.111,0.111,0,0,0,10,0,1,0,1,-1.5
Tucker, Cole,657061,2021,117,131,26,18,4,2,2,33,13,0.222,0.342,0.298,0.64,12,2,2,43,0,0,1,15,77.5
Verdugo, Alex,657077,2021,544,604,157,110,32,2,13,96,51,0.289,0.426,0.351,0.777,63,2,6,146,4,0,5,88,463
White, Evan,657108,2021,97,104,14,9,3,0,2,31,6,0.144,0.237,0.202,0.439,9,0,0,30,1,0,0,8,40.5
Wong, Connor,657136,2021,13,14,4,2,1,1,0,7,1,0.308,0.538,0.357,0.896,1,0,0,6,0,0,0,3,9.5
Alvarez, Eddy,657193,2021,64,74,12,6,4,1,1,18,4,0.188,0.328,0.297,0.625,6,0,1,24,6,0,0,8,44
Webb, Logan,657277,2021,46,53,6,2,2,1,1,21,2,0.13,0.283,0.151,0.434,7,0,0,26,0,5,0,7,25.5
O'Grady, Brian,657434,2021,51,61,8,3,3,0,2,17,8,0.157,0.333,0.262,0.596,9,0,0,32,0,1,1,8,42.5
DeJong, Paul,657557,2021,356,402,70,40,10,1,19,103,35,0.197,0.39,0.284,0.674,45,1,4,113,9,0,2,44,272.5
Laureano, Ramon,657656,2021,341,378,84,47,21,2,14,98,27,0.246,0.443,0.317,0.76,39,5,12,88,9,0,1,43,278
Sheets, Gavin,657757,2021,160,179,40,21,8,0,11,40,16,0.25,0.506,0.324,0.83,34,0,0,54,2,0,1,23,170
Fuentes, Joshua,658069,2021,271,284,61,42,11,1,7,65,12,0.225,0.351,0.257,0.608,33,0,0,95,0,0,1,30,170.5
Olivares, Edward,658668,2021,101,111,24,17,2,0,5,19,5,0.238,0.406,0.288,0.694,12,2,2,39,3,1,1,14,79.5
Moncada, Yoan,660162,2021,520,616,137,89,33,1,14,157,84,0.263,0.412,0.375,0.787,61,2,3,144,10,0,2,74,429.5
Ohtani, Shohei,660271,2021,537,639,138,58,26,8,46,189,96,0.257,0.592,0.372,0.965,100,10,26,155,4,0,2,103,668.5
Tsutsugo, Yoshi,660294,2021,230,262,50,29,12,1,8,72,29,0.217,0.383,0.305,0.688,32,1,0,81,1,1,1,27,172
Arauz, Jonathan,660620,2021,65,75,12,6,3,0,3,15,8,0.185,0.369,0.267,0.636,8,0,0,28,0,2,0,9,49.5
Ynoa, Huascar,660623,2021,32,32,7,4,1,0,2,15,0,0.219,0.438,0.219,0.656,6,0,0,18,0,0,0,3,21.5
Hernandez, Yonny,660634,2021,143,166,31,26,5,0,0,32,17,0.217,0.252,0.313,0.565,6,2,11,43,4,1,1,15,88
Brujan, Vidal,660644,2021,26,26,2,2,0,0,0,8,0,0.077,0.077,0.077,0.154,2,0,1,10,0,0,0,3,7
Acuna Jr., Ronald,660670,2021,297,360,84,40,19,1,24,85,49,0.283,0.596,0.394,0.99,52,6,17,82,9,0,5,72,396.5
Ruiz, Keibert,660688,2021,88,96,24,18,3,0,3,9,6,0.273,0.409,0.333,0.742,15,0,0,29,2,0,0,10,79.5
Tejeda, Anderson,660731,2021,16,17,1,1,0,0,0,10,1,0.063,0.063,0.118,0.18,0,0,1,5,0,0,0,1,0
Sanchez, Jesus,660821,2021,227,251,57,33,8,2,14,78,20,0.251,0.489,0.319,0.808,36,1,0,64,3,0,1,27,193
Park, Hoy,660829,2021,128,150,25,15,5,2,3,38,18,0.195,0.336,0.293,0.629,14,1,1,45,1,1,1,16,88
Gutierrez, Vladimir,661269,2021,33,42,3,3,0,0,0,14,2,0.091,0.091,0.119,0.21,1,0,0,21,0,7,0,3,3
Contreras, William,661388,2021,163,185,35,22,4,1,8,54,19,0.215,0.399,0.303,0.701,23,0,0,52,2,0,1,19,124
Varsho, Daulton,662139,2021,284,315,70,40,17,2,11,67,30,0.246,0.437,0.317,0.754,38,0,6,95,0,1,0,41,249.5
Jones, Jahmai,663330,2021,67,72,10,7,3,0,0,26,4,0.149,0.194,0.208,0.402,3,0,1,26,1,0,0,5,18
Nootbaar, Lars,663457,2021,109,124,26,17,3,1,5,28,13,0.239,0.422,0.315,0.737,15,1,2,58,0,1,1,15,93
Nevin, Tyler,663527,2021,14,18,4,1,2,0,1,5,4,0.286,0.643,0.444,1.087,3,0,0,6,0,0,0,3,19.5
Hoerner, Nico,663538,2021,149,170,45,35,10,0,0,25,17,0.302,0.369,0.382,0.751,16,3,5,44,3,0,1,13,114.5
Riley, Austin,663586,2021,590,662,179,112,33,1,33,168,52,0.303,0.531,0.367,0.898,107,1,0,160,12,0,8,91,597
Madrigal, Nick,663611,2021,200,215,61,45,10,4,2,17,11,0.305,0.425,0.349,0.774,21,2,1,54,3,0,1,30,162.5
Larnach, Trevor,663616,2021,260,301,58,39,12,0,7,104,31,0.223,0.35,0.322,0.672,28,0,1,79,8,0,2,29,165
Mountcastle, Ryan,663624,2021,534,586,136,79,23,1,33,161,41,0.255,0.487,0.309,0.796,89,3,4,144,4,0,7,77,484.5
McKenna, Ryan,663630,2021,169,197,31,22,6,1,2,74,24,0.183,0.266,0.289,0.556,14,0,1,90,2,2,0,20,84
Hayes, Ke'Bryan,663647,2021,362,396,93,65,20,2,6,87,31,0.257,0.373,0.316,0.689,38,1,9,96,1,0,2,49,265.5
Tucker, Kyle,663656,2021,506,567,149,79,37,3,30,90,53,0.294,0.557,0.358,0.915,92,2,14,140,1,0,5,83,584
Cameron, Daz,663662,2021,103,115,20,11,5,0,4,38,10,0.194,0.359,0.278,0.637,13,0,6,35,2,0,0,16,84
India, Jonathan,663697,2021,532,631,143,86,34,2,21,141,71,0.269,0.459,0.376,0.834,69,4,12,150,23,1,4,98,523.5
Raleigh, Cal,663728,2021,139,148,25,11,12,0,2,52,7,0.18,0.309,0.223,0.532,13,0,0,47,1,0,1,6,57
Neidert, Nick,663734,2021,11,12,0,0,0,0,0,5,1,0,0,0.083,0.083,0,0,0,8,0,0,0,0,-1.5
Fortes, Nick,663743,2021,31,34,9,5,0,0,4,8,3,0.29,0.677,0.353,1.03,7,0,1,14,0,0,0,6,42
Grisham, Trent,663757,2021,462,527,112,66,28,3,15,119,54,0.242,0.413,0.326,0.74,62,5,13,132,6,1,4,61,397.5
Woodford, Jake,663765,2021,18,20,2,2,0,0,0,9,0,0.111,0.111,0.1,0.211,0,0,0,24,0,2,0,0,-2.5
Terry, Curtis,663799,2021,45,48,4,2,2,0,0,15,2,0.089,0.133,0.146,0.279,1,0,0,13,1,0,0,3,6.5
Vierling, Matt,663837,2021,71,77,23,17,3,1,2,20,4,0.324,0.479,0.364,0.843,6,0,2,34,1,0,1,11,56
Rivas III, Alfonso,663845,2021,44,49,14,12,1,0,1,16,4,0.318,0.409,0.388,0.797,3,0,0,18,1,0,0,7,28
Gonzalez, Romy,663853,2021,32,33,8,5,3,0,0,11,1,0.25,0.344,0.273,0.616,2,0,0,10,0,0,0,4,14.5
Stephenson, Tyler,663886,2021,350,402,100,69,21,0,10,75,41,0.286,0.431,0.366,0.797,45,0,0,132,6,0,5,56,306.5
Williams, Luke,663897,2021,98,108,24,19,4,0,1,23,10,0.245,0.316,0.315,0.631,6,2,2,58,0,0,0,8,51.5
Rodgers, Brendan,663898,2021,387,415,110,71,21,3,15,84,19,0.284,0.47,0.328,0.798,51,0,0,102,7,0,2,49,317
Blankenhorn, Travis,663905,2021,23,24,4,1,2,0,1,8,1,0.174,0.391,0.208,0.6,4,0,0,24,0,0,0,4,18
Paddack, Chris,663978,2021,35,42,1,1,0,0,0,26,1,0.029,0.029,0.071,0.1,0,0,0,23,1,5,0,0,-10
Lowe, Nathaniel,663993,2021,557,642,147,102,24,3,18,162,80,0.264,0.415,0.357,0.771,72,0,8,157,2,0,3,75,467
Happ, Ian,664023,2021,465,535,105,59,20,1,25,156,62,0.226,0.434,0.321,0.756,66,2,9,148,5,2,1,63,402
France, Ty,664034,2021,571,650,166,115,32,1,18,106,46,0.291,0.445,0.368,0.813,73,0,0,152,27,0,6,85,505
Lowe, Brandon,664040,2021,535,615,132,62,31,0,39,167,68,0.247,0.523,0.34,0.863,99,1,7,149,9,0,3,97,581.5
Bader, Harrison,664056,2021,367,401,98,60,21,1,16,85,27,0.267,0.46,0.324,0.785,50,4,9,103,5,0,2,45,317.5
Stevenson, Andrew,664057,2021,192,213,44,33,6,0,5,61,13,0.229,0.339,0.291,0.63,23,1,1,109,5,2,1,22,121.5
Fletcher, David,664058,2021,626,665,164,132,27,3,2,60,31,0.262,0.324,0.295,0.619,47,3,15,157,1,6,1,74,400
Haggerty, Sam,664059,2021,86,94,16,11,3,0,2,28,6,0.186,0.291,0.245,0.535,5,1,5,35,1,1,0,15,52
Gonsolin, Tony,664062,2021,17,19,3,2,1,0,0,8,1,0.176,0.235,0.211,0.446,0,0,0,17,0,1,0,2,3
Kingery, Scott,664068,2021,19,19,1,1,0,0,0,12,0,0.053,0.053,0.053,0.105,0,0,0,15,0,0,0,1,-4
Brubaker, JT,664141,2021,38,43,3,3,0,0,0,15,4,0.079,0.079,0.163,0.242,3,0,0,24,0,1,0,0,5.5
Lucchesi, Joey,664192,2021,10,11,0,0,0,0,0,7,1,0,0,0.091,0.091,0,0,0,10,0,0,0,1,-1.5
Moore, Dylan,664238,2021,332,377,60,35,11,2,12,111,40,0.181,0.334,0.276,0.61,43,5,21,126,4,0,1,42,264.5
Garlick, Kyle,664247,2021,99,107,23,10,8,0,5,32,6,0.232,0.465,0.28,0.745,10,0,1,36,1,0,1,17,76
Florial, Estevan,664314,2021,20,25,6,3,2,0,1,6,5,0.3,0.55,0.44,0.99,2,0,1,11,0,0,0,3,22
Lopez, Alejo,664670,2021,23,23,6,6,0,0,0,5,0,0.261,0.261,0.261,0.522,0,0,0,14,0,0,0,3,6.5
Straw, Myles,664702,2021,564,638,153,119,29,1,4,121,67,0.271,0.348,0.348,0.695,48,6,30,158,2,1,4,86,440.5
Isbel, Kyle,664728,2021,76,83,21,13,5,2,1,23,7,0.276,0.434,0.337,0.772,7,0,2,28,0,0,0,16,62.5
Higgins, P.J.,664731,2021,23,25,1,1,0,0,0,8,2,0.043,0.043,0.12,0.163,0,0,0,9,0,0,0,1,0
Bohm, Alec,664761,2021,380,417,94,72,15,0,7,111,31,0.247,0.342,0.305,0.647,47,0,4,115,2,0,4,46,255.5
Wade Jr., LaMonte,664774,2021,336,381,85,47,17,3,18,89,33,0.253,0.482,0.323,0.805,56,1,6,109,5,4,3,52,330.5
Tom, Ka'ai,664789,2021,108,133,15,10,2,1,2,36,17,0.139,0.231,0.278,0.51,12,0,1,48,5,0,3,10,65
Mazeika, Patrick,664850,2021,79,87,15,11,3,0,1,18,4,0.19,0.266,0.253,0.519,6,0,0,37,3,0,1,6,37
Zavala, Seby,664874,2021,93,104,17,9,3,0,5,41,6,0.183,0.376,0.231,0.607,15,0,0,37,1,4,0,15,66.5
Mendick, Danny,664901,2021,164,186,36,29,5,0,2,42,18,0.22,0.287,0.301,0.588,20,1,0,71,2,1,1,14,99
Brown, Seth,664913,2021,281,307,60,26,13,1,20,89,23,0.214,0.48,0.274,0.754,48,1,4,111,1,0,2,43,260.5
McCarthy, Jake,664983,2021,59,70,13,8,3,0,2,23,8,0.22,0.373,0.329,0.701,4,2,3,24,2,1,0,11,43.5
Walsh, Jared,665120,2021,530,585,147,83,34,1,29,152,48,0.277,0.509,0.34,0.85,98,1,2,144,4,0,3,70,515
Maton, Nick,665155,2021,117,131,30,20,7,1,2,39,10,0.256,0.385,0.321,0.705,14,0,2,52,2,1,1,16,85.5
Celestino, Gilberto,665482,2021,59,62,8,3,3,0,2,14,3,0.136,0.288,0.177,0.466,3,0,0,23,0,0,0,7,26
Tatis Jr., Fernando,665487,2021,478,546,135,62,31,0,42,153,62,0.282,0.611,0.364,0.975,97,4,25,130,2,0,4,99,618.5
Guerrero Jr., Vladimir,665489,2021,604,698,188,110,29,1,48,110,86,0.311,0.601,0.401,1.002,111,1,4,161,6,0,2,123,752
Pache, Cristian,665506,2021,63,68,7,3,3,0,1,25,2,0.111,0.206,0.147,0.353,4,0,0,22,1,2,0,6,17.5
Marchan, Rafael,665561,2021,52,56,12,9,1,1,1,10,4,0.231,0.346,0.286,0.632,4,0,0,20,0,0,0,7,32
Soto, Juan,665742,2021,502,654,157,106,20,2,29,93,145,0.313,0.534,0.465,0.999,95,7,9,151,2,0,5,111,680.5
Taveras, Leody,665750,2021,174,185,28,17,6,2,3,60,9,0.161,0.27,0.205,0.476,9,1,10,49,1,1,0,14,78
Rivero, Sebastian,665861,2021,40,44,7,5,2,0,0,15,3,0.175,0.225,0.25,0.475,3,0,0,17,1,0,0,1,12.5
Chisholm Jr., Jazz,665862,2021,464,507,115,73,20,4,18,145,34,0.248,0.425,0.302,0.726,53,8,23,124,4,2,3,70,376.5
Gimenez, Andres,665926,2021,188,210,41,26,10,0,5,54,11,0.218,0.351,0.281,0.632,16,0,11,68,7,1,3,23,134
Anderson, Ian,666120,2021,37,41,2,1,1,0,0,29,1,0.054,0.081,0.073,0.154,0,0,0,22,0,3,0,0,-10.5
Garrett, Braxton,666129,2021,11,11,2,2,0,0,0,4,0,0.182,0.182,0.182,0.364,0,0,0,8,0,0,0,1,1
Kirilloff, Alex,666135,2021,215,231,54,34,11,1,8,52,14,0.251,0.423,0.299,0.722,34,1,1,59,1,0,1,23,172
Lee, Khalil,666137,2021,18,18,1,0,1,0,0,13,0,0.056,0.111,0.056,0.167,1,0,0,11,0,0,0,2,-0.5
Lux, Gavin,666158,2021,335,381,81,58,12,4,7,83,41,0.242,0.364,0.328,0.692,46,1,4,102,3,0,2,49,272.5
Moniak, Mickey,666160,2021,33,37,3,2,0,0,1,16,3,0.091,0.182,0.162,0.344,3,0,0,21,0,1,0,3,10
Rortvedt, Ben,666163,2021,89,98,15,11,1,0,3,29,6,0.169,0.281,0.224,0.505,7,0,0,39,1,2,0,8,39.5
Adell, Jo,666176,2021,130,140,32,21,5,2,4,32,8,0.246,0.408,0.293,0.701,26,1,2,35,1,1,0,17,118
Beer, Seth,666179,2021,9,10,4,2,1,0,1,3,1,0.444,0.889,0.5,1.389,3,0,0,5,0,0,0,4,17.5
Bichette, Bo,666182,2021,640,690,191,131,30,1,29,137,40,0.298,0.484,0.343,0.828,102,1,25,159,6,0,4,121,661.5
Carlson, Dylan,666185,2021,542,619,144,91,31,4,18,152,57,0.266,0.437,0.342,0.78,65,1,2,149,11,1,8,79,441
Kieboom, Carter,666198,2021,217,249,45,33,6,0,6,62,25,0.207,0.318,0.301,0.619,20,0,0,62,5,0,2,26,134
Luzardo, Jesus,666200,2021,15,20,0,0,0,0,0,6,4,0,0,0.2,0.2,0,0,0,13,0,1,0,1,2
Muller, Kyle,666205,2021,11,13,1,1,0,0,0,7,1,0.091,0.091,0.154,0.245,0,0,0,9,0,1,0,0,-1.5
Trammell, Taylor,666211,2021,156,178,25,10,7,0,8,75,17,0.16,0.359,0.253,0.612,18,3,2,51,3,2,0,23,98.5
Welker, Colton,666213,2021,37,40,7,6,1,0,0,11,3,0.189,0.216,0.25,0.466,2,0,0,19,0,0,0,7,16.5
Castro, Rodolfo,666801,2021,86,93,17,10,2,0,5,27,6,0.198,0.395,0.258,0.653,8,0,0,31,1,0,0,9,52.5
Dalbec, Bobby,666915,2021,417,453,100,49,21,5,25,156,28,0.24,0.494,0.298,0.792,78,0,2,133,7,0,1,50,373
Oliva, Jared,666931,2021,40,43,7,5,2,0,0,10,3,0.175,0.225,0.233,0.458,2,0,2,20,0,0,0,4,19
Garcia, Adolis,666969,2021,581,622,141,82,26,2,31,194,32,0.243,0.454,0.286,0.741,90,5,16,149,5,0,4,77,488
Gurriel Jr., Lourdes,666971,2021,500,541,138,87,28,2,21,102,32,0.276,0.466,0.318,0.784,84,3,1,141,2,1,6,62,445
Rooker Jr., Brent,667670,2021,189,213,38,19,10,0,9,70,15,0.201,0.397,0.291,0.688,16,0,0,58,9,0,0,25,121
Arozarena, Randy,668227,2021,529,604,145,90,32,3,20,170,56,0.274,0.459,0.356,0.815,69,11,20,141,14,0,5,94,489
Barrera, Tres,668663,2021,91,107,24,18,3,1,2,22,12,0.264,0.385,0.374,0.758,10,0,0,30,4,0,0,8,68
Rogers, Jake,668670,2021,113,127,27,13,5,3,6,46,11,0.239,0.496,0.299,0.795,17,0,1,38,0,3,0,17,97
Gallen, Zac,668678,2021,32,42,6,4,2,0,0,18,1,0.188,0.25,0.167,0.417,3,0,0,22,0,9,0,2,8
Henry, Payton,668721,2021,15,16,4,3,1,0,0,5,1,0.267,0.333,0.313,0.646,0,0,0,5,0,0,0,0,3.5
Baddoo, Akil,668731,2021,413,461,107,67,20,7,13,122,45,0.259,0.436,0.33,0.766,55,4,18,124,0,0,3,60,366
Knizner, Andrew,668800,2021,161,185,28,20,7,0,1,39,20,0.174,0.236,0.281,0.517,9,0,0,63,4,0,0,18,78.5
Reynolds, Bryan,668804,2021,559,646,169,102,35,8,24,119,75,0.302,0.522,0.39,0.912,90,2,5,159,8,0,4,93,596.5
Kranick, Max,668820,2021,12,14,0,0,0,0,0,5,0,0,0,0,0,0,0,0,8,0,2,0,0,-2.5
Rojas, Josh,668942,2021,484,550,128,82,32,3,11,137,58,0.264,0.411,0.338,0.749,44,4,9,139,0,1,3,69,359.5
Marsh, Brandon,669016,2021,236,260,60,43,12,3,2,91,20,0.254,0.356,0.315,0.671,19,1,6,70,2,1,1,27,136.5
Wilson, Bryse,669060,2021,21,25,1,1,0,0,0,9,0,0.048,0.048,0.08,0.128,1,0,0,15,1,3,0,1,0.5
Campusano, Luis,669134,2021,34,38,3,3,0,0,0,11,4,0.088,0.088,0.184,0.272,1,0,0,11,0,0,0,0,3.5
Burnes, Corbin,669203,2021,52,59,8,8,0,0,0,26,3,0.154,0.154,0.186,0.34,4,0,0,26,0,4,0,1,7
Murphy, Sean,669221,2021,393,448,85,45,23,0,17,114,40,0.216,0.405,0.306,0.71,59,0,0,119,12,0,3,47,319
Senzel, Nick,669222,2021,111,124,28,23,4,0,1,16,12,0.252,0.315,0.323,0.638,8,5,2,36,0,0,1,18,72
Edman, Tommy,669242,2021,641,691,168,113,41,3,11,95,38,0.262,0.387,0.307,0.694,56,5,30,159,6,2,4,91,502.5
Solak, Nick,669256,2021,458,511,111,80,18,2,11,107,34,0.242,0.362,0.313,0.676,49,5,7,127,15,2,2,57,325.5
Smith, Will,669257,2021,414,501,107,61,19,2,25,101,58,0.258,0.495,0.365,0.86,76,0,3,130,18,0,11,71,459.5
Johnson, Daniel,669288,2021,77,81,17,13,0,0,4,27,4,0.221,0.377,0.259,0.636,5,0,1,30,0,0,0,9,40.5
Espinal, Santiago,669289,2021,222,246,69,53,13,1,2,30,22,0.311,0.405,0.374,0.779,17,1,6,92,1,1,0,32,175
Hiura, Keston,669374,2021,173,197,29,15,9,1,4,77,14,0.168,0.301,0.254,0.554,19,0,3,61,7,2,1,16,94.5
Burger, Jake,669394,2021,38,42,10,5,3,1,1,15,4,0.263,0.474,0.333,0.807,3,0,0,15,0,0,0,5,25.5
Rogers, Trevor,669432,2021,43,46,3,3,0,0,0,27,1,0.07,0.07,0.087,0.157,0,0,0,25,0,2,0,0,-9.5
Long, Sammy,669674,2021,10,11,1,1,0,0,0,4,0,0.1,0.1,0.091,0.191,0,0,0,11,0,1,0,0,-1
Hays, Austin,669720,2021,488,529,125,73,26,4,22,107,28,0.256,0.461,0.306,0.767,71,3,4,131,9,3,1,73,428.5
White, Mitch,669952,2021,15,16,0,0,0,0,0,11,1,0,0,0.063,0.063,0,0,0,20,0,0,0,1,-3.5
Lopez, Nicky,670032,2021,497,565,149,120,21,6,2,74,49,0.3,0.378,0.358,0.736,43,2,22,151,4,12,3,78,410
Raley, Luke,670042,2021,66,72,12,9,1,0,2,25,2,0.182,0.288,0.25,0.538,4,0,0,33,4,0,0,5,25.5
Heath, Nick,670084,2021,35,39,5,4,1,0,0,15,4,0.143,0.171,0.231,0.402,1,2,0,20,0,0,0,3,5.5
Short, Zack,670097,2021,156,184,22,12,4,0,6,59,22,0.141,0.282,0.239,0.521,20,0,2,61,0,0,6,21,101.5
Rojas, Jose,670351,2021,168,184,35,15,14,0,6,50,15,0.208,0.399,0.277,0.676,15,1,2,61,1,0,0,26,117
Young, Andrew,670370,2021,91,104,19,6,7,0,6,45,6,0.209,0.484,0.298,0.782,15,0,0,58,6,0,1,13,76.5
Alvarez, Yordan,670541,2021,537,598,149,80,35,1,33,145,50,0.277,0.531,0.346,0.877,104,0,1,144,8,0,3,92,572.5
Paredes, Isaac,670623,2021,72,85,15,10,3,1,1,11,10,0.208,0.319,0.306,0.625,5,0,0,23,1,0,2,7,45.5
Brosseau, Mike,670712,2021,150,169,28,14,9,0,5,53,15,0.187,0.347,0.266,0.613,18,0,2,57,2,0,2,21,103.5
Walls, Taylor,670764,2021,152,176,32,21,10,0,1,49,23,0.211,0.296,0.313,0.609,15,2,4,54,0,1,0,15,94.5
Gonzalez, Luis,670768,2021,8,11,2,0,2,0,0,2,3,0.25,0.5,0.455,0.955,0,0,0,6,0,0,0,2,8
Friedl Jr., TJ,670770,2021,31,36,9,7,1,0,1,2,4,0.29,0.419,0.361,0.78,2,0,0,14,0,0,1,9,29
Oviedo, Johan,670912,2021,20,22,3,3,0,0,0,9,2,0.15,0.15,0.227,0.377,2,0,0,13,0,0,0,3,7.5
Garcia, Luis,671277,2021,236,247,57,31,18,2,6,43,11,0.242,0.411,0.275,0.686,22,2,0,70,0,0,0,29,157.5
Kelenic, Jarred,672284,2021,337,377,61,33,13,1,14,106,36,0.181,0.35,0.265,0.615,43,4,6,93,3,0,1,41,239
Kirk, Alejandro,672386,2021,165,189,40,24,8,0,8,22,19,0.242,0.436,0.328,0.764,24,0,0,60,3,0,2,19,150
Perdomo, Geraldo,672695,2021,31,37,8,4,3,1,0,6,6,0.258,0.419,0.378,0.798,1,0,0,11,0,0,0,5,23
Devers, Jose,672701,2021,41,46,10,7,3,0,0,11,3,0.244,0.317,0.304,0.621,5,0,0,21,1,0,1,7,28.5
Marcano, Tucupita,672779,2021,44,50,8,7,1,0,0,9,6,0.182,0.205,0.28,0.485,3,1,0,25,0,0,0,7,22.5
Robert, Luis,673357,2021,275,296,93,57,22,1,13,61,14,0.338,0.567,0.378,0.946,43,1,6,68,5,0,2,42,283.5
Akiyama, Shogo,673451,2021,162,183,33,25,8,0,0,40,14,0.204,0.253,0.279,0.532,12,3,2,88,4,1,1,16,80
Kim, Ha-Seong,673490,2021,267,298,54,32,12,2,8,71,22,0.202,0.352,0.268,0.621,34,1,6,117,4,2,3,27,190.5
Miller, Brian,675649,2021,11,11,3,3,0,0,0,3,0,0.273,0.273,0.273,0.545,0,0,0,5,0,0,0,1,2.5
Smith, Kevin,675656,2021,32,36,3,2,0,0,1,11,3,0.094,0.188,0.194,0.382,1,0,0,18,1,0,0,2,8.5
Clement, Ernie,676391,2021,121,133,28,21,4,0,3,19,7,0.231,0.339,0.278,0.617,9,1,0,40,2,3,0,16,73.5
Barrero, Jose,676480,2021,50,56,10,5,4,1,0,17,3,0.2,0.32,0.286,0.606,3,0,1,21,3,0,0,4,25.5
Reks, Zach,676646,2021,10,10,0,0,0,0,0,7,0,0,0,0,0,0,0,0,6,0,0,0,2,-1.5
Meyers, Jake,676694,2021,146,163,38,24,8,0,6,50,10,0.26,0.438,0.319,0.757,28,0,3,49,4,2,1,22,137
Trejo, Alan,676701,2021,46,50,10,7,2,0,1,15,3,0.217,0.326,0.26,0.586,3,0,0,28,0,0,1,7,23.5
McCormick, Chas,676801,2021,284,320,73,47,12,0,14,104,25,0.257,0.447,0.319,0.766,50,2,4,108,4,0,7,47,257
Peacock, Matt,676840,2021,16,17,4,4,0,0,0,4,1,0.25,0.25,0.294,0.544,2,0,1,33,0,0,0,3,12
Franco, Wander,677551,2021,281,308,81,51,18,5,7,37,24,0.288,0.463,0.347,0.81,39,1,2,70,2,0,1,53,271.5
Weathers, Ryan,677960,2021,27,28,4,3,0,0,1,7,1,0.148,0.259,0.179,0.438,1,0,0,30,0,0,0,3,9.5
Gray, Josiah,680686,2021,22,24,1,1,0,0,0,12,1,0.045,0.045,0.083,0.129,0,0,0,14,0,1,0,0,-4
Duran, Jarren,680776,2021,107,112,23,16,3,2,2,40,4,0.215,0.336,0.241,0.578,10,1,2,33,0,0,1,17,60
Jeffers, Ryan,680777,2021,267,293,53,28,10,1,14,108,22,0.199,0.401,0.27,0.67,35,1,0,85,4,0,0,28,176
Miller, Owen,680911,2021,191,202,39,27,8,0,4,54,9,0.204,0.309,0.243,0.551,18,0,2,60,1,0,1,17,99
Vaughn, Andrew,683734,2021,417,469,98,61,22,0,15,101,41,0.235,0.396,0.309,0.705,48,1,1,127,6,0,5,56,314.5