last_name, first_name,player_id,year,p_game,p_formatted_ip,p_total_pa,p_ab,p_total_hits,p_single,p_double,p_triple,p_home_run,p_strikeout,p_walk,p_earned_run,p_run,p_save,p_blown_save,p_win,p_loss,p_hit_by_pitch,Points
Perez, Oliver,424144,2021,5,3.2,18,17,5,5,0,0,0,4,1,0,1,0,0,0,1,0,9.25
Wainwright, Adam,425794,2021,32,206.1,828,765,168,111,34,2,21,174,50,70,72,0,0,17,7,9,455.25
Greinke, Zack,425844,2021,30,171,697,652,164,105,29,0,30,120,36,79,82,0,0,11,6,2,170
Santana, Ervin,429722,2021,38,65.1,277,251,65,38,16,2,9,52,22,34,35,0,0,2,2,2,6.5
Kazmir, Scott,431148,2021,5,11.1,55,48,15,9,3,0,3,10,6,8,9,0,0,0,1,0,-21
Petit, Yusmeiro,433589,2021,78,78,313,296,69,47,8,2,12,37,12,34,35,2,6,8,3,1,73.75
Kintzler, Brandon,445213,2021,29,29.2,141,131,45,29,8,1,7,22,8,21,23,0,2,2,1,1,-43.25
Jansen, Kenley,445276,2021,69,69,278,236,36,25,7,0,4,86,36,17,21,38,5,4,4,2,418.75
Chavez, Jesse,445926,2021,30,33.2,133,120,23,15,7,1,0,36,11,8,9,0,1,3,2,0,108
Detwiler, Ross,446321,2021,53,52.1,229,198,44,21,11,2,10,62,20,27,28,0,0,3,1,8,62.75
Kluber, Corey,446372,2021,16,80,341,299,74,53,12,1,8,82,33,34,37,0,0,5,3,5,110
Hill, Rich,448179,2021,32,158.2,661,582,137,83,32,1,21,150,55,68,70,0,0,7,8,16,169.25
Doolittle, Sean,448281,2021,56,49.2,223,194,50,28,13,2,7,53,23,25,27,1,4,3,1,2,24.25
Guerra, Junior,448855,2021,41,65.1,307,256,67,49,12,0,6,61,46,44,45,0,2,5,2,3,-61
Morton, Charlie,450203,2021,33,185.2,756,669,136,100,17,3,16,216,58,69,77,0,0,14,6,17,475.5
Davis, Wade,451584,2021,40,42.2,190,163,44,30,6,0,8,38,19,32,33,2,1,0,3,2,-60.75
Albers, Andrew,452027,2021,5,19,89,79,24,11,3,1,9,12,9,16,16,0,0,1,2,1,-45
Lester, Jon,452657,2021,28,141.1,627,558,159,101,33,0,25,91,55,74,84,0,0,7,6,3,-46
Kennedy, Ian,453178,2021,55,56.1,228,208,45,27,6,0,12,62,17,20,21,26,4,3,1,2,266.5
Miller, Andrew,453192,2021,40,36,164,140,41,26,8,2,5,40,16,19,19,0,0,0,0,5,-8.75
Watson, Tony,453265,2021,62,57.1,225,207,40,29,7,0,4,44,18,25,26,0,3,7,4,0,101.5
Bard, Daniel,453268,2021,67,65.2,304,260,69,44,15,2,8,80,36,38,41,20,8,7,8,7,141.75
LeBlanc, Wade,453281,2021,18,49,221,198,56,34,13,1,8,29,17,24,24,0,0,0,2,4,-47.5
Parker, Blake,453284,2021,47,43.2,185,167,43,31,6,1,5,37,14,15,15,0,0,2,1,2,56.75
Scherzer, Max,453286,2021,30,179.1,693,644,119,73,21,2,23,236,36,49,53,0,0,15,4,10,716.5
Melancon, Mark,453343,2021,64,64.2,265,237,54,41,9,0,4,59,25,16,21,39,6,4,3,1,351.75
Arrieta, Jake,453562,2021,24,98.2,469,410,131,80,26,1,24,83,44,81,91,0,0,5,14,6,-178.25
Martin, Chris,455119,2021,46,43.1,181,169,49,38,7,0,4,33,6,19,20,1,4,2,4,3,17.75
Price, David,456034,2021,39,73.2,326,290,79,51,19,1,8,58,26,33,35,1,0,5,2,4,58
Cueto, Johnny,456501,2021,22,114.2,490,445,127,83,23,6,15,98,30,52,57,0,0,7,7,4,114.25
Bush, Matt,456713,2021,4,4,17,16,4,1,0,0,3,5,1,3,3,0,0,0,0,0,0
Guerra, Javy,457915,2021,6,6,37,28,12,7,2,0,3,4,3,11,13,0,0,0,1,3,-60
Happ, J.A.,457918,2021,30,152.1,671,615,177,106,35,6,30,122,48,98,100,0,0,10,8,3,-28.5
Lindblom, Josh,458676,2021,8,16.2,85,71,23,11,5,2,5,17,10,18,18,0,0,0,0,3,-68.25
Wilson, Justin,458677,2021,42,34,149,131,32,20,5,1,6,29,16,20,22,0,1,1,1,1,-18.75
Lynn, Lance,458681,2021,28,157,641,588,123,84,20,1,18,176,45,47,52,0,0,11,6,2,463.75
Tomlin, Josh,458708,2021,35,49.1,218,211,69,44,13,2,10,37,5,36,36,0,0,4,0,1,-16
McGee, Jake,459429,2021,62,59.2,239,224,44,28,9,0,7,58,10,18,25,31,5,3,2,2,318
Clippard, Tyler,461325,2021,26,25.1,111,95,22,13,5,1,3,21,11,9,12,6,3,1,1,3,39
Swarzak, Anthony,461872,2021,13,12.1,56,54,20,11,4,1,4,9,1,13,13,0,0,0,1,1,-42.25
Soria, Joakim,465657,2021,41,37.1,159,145,39,21,11,1,6,40,12,21,21,6,3,1,4,1,37.75
Strop, Pedro,467008,2021,2,2,10,8,2,2,0,0,0,3,2,0,0,0,0,1,0,0,17.5
Chacin, Jhoulys,468504,2021,46,64.1,269,239,53,29,12,4,8,47,28,31,32,0,2,3,2,0,11.5
Carrasco, Carlos,471911,2021,12,53.2,237,217,59,33,14,0,12,50,18,36,39,0,0,1,5,0,-28.25
Abad, Fernando,472551,2021,16,17.2,82,75,23,15,6,1,1,10,7,11,12,0,0,0,0,0,-33.25
Garcia, Luis,472610,2021,34,33.1,135,124,25,17,6,0,2,34,8,12,12,2,1,1,1,1,72.75
Anderson, Brett,474463,2021,24,96,409,369,102,65,25,1,11,58,28,45,52,0,0,4,9,2,7.5
Phelps, David,475479,2021,11,10.1,42,37,8,7,1,0,0,15,4,1,2,0,0,0,0,1,35.25
Stock, Robert,476594,2021,3,9,45,35,10,6,1,0,3,9,9,8,8,0,0,0,2,1,-32.5
Luetge, Lucas,476595,2021,57,72.1,301,281,67,46,14,1,6,78,15,22,30,1,2,4,2,3,180.25
Kershaw, Clayton,477132,2021,22,121.2,488,460,103,65,22,1,15,144,21,48,51,0,0,10,8,3,359.25
Buchter, Ryan,488748,2021,18,16.1,78,62,16,6,5,0,5,16,13,12,13,0,1,0,2,2,-43.5
Hunter, Tommy,488984,2021,4,8,33,27,4,3,1,0,0,6,3,0,0,0,0,0,0,1,20
Miley, Wade,489119,2021,28,163,690,627,166,112,35,2,17,125,50,61,64,0,0,12,7,3,225
Romo, Sergio,489265,2021,66,61.2,259,235,56,36,10,1,9,60,21,32,33,3,4,1,1,2,21.75
Stammen, Craig,489334,2021,67,88.1,355,336,79,55,11,0,13,83,13,30,31,1,1,6,3,3,214
Valdez, Cesar,491624,2021,39,46,210,194,62,39,14,1,8,45,14,30,32,8,5,2,2,1,6.25
Feliz, Neftali,491703,2021,5,4,19,17,5,2,2,0,1,3,1,4,4,0,1,0,1,1,-20
Ottavino, Adam,493603,2021,69,62,276,230,55,34,16,0,5,71,35,29,31,11,6,7,3,7,132.5
Guerra, Deolis,500610,2021,53,65.2,269,243,53,35,10,0,8,62,20,30,34,0,0,4,1,4,91.75
Quintana, Jose,500779,2021,29,63,297,259,74,47,15,0,12,85,35,45,50,0,0,0,3,1,-37.5
Pineda, Michael,501381,2021,22,109.1,458,430,114,69,26,2,17,88,21,44,49,0,0,9,8,2,185.25
Avilan, Luis,501593,2021,4,5,27,21,7,6,0,0,1,4,3,7,7,0,0,0,1,1,-31.25
Alvarez, Jose,501625,2021,67,64.2,266,244,53,44,5,2,2,42,19,17,23,0,0,5,2,0,129.25
Harris, Will,501789,2021,8,6,30,27,7,3,3,0,1,9,3,6,6,0,0,0,1,0,-8.75
Smith, Joe,501925,2021,50,39.2,173,158,47,32,9,1,5,34,8,22,23,0,3,4,4,3,18
Minor, Mike,501985,2021,28,158.2,669,619,156,91,35,4,26,149,41,89,92,0,0,8,12,5,113
Archer, Chris,502042,2021,6,19.1,83,75,18,11,4,0,3,21,8,10,11,0,0,1,1,0,20.25
Gibson, Kyle,502043,2021,31,182,754,675,158,107,32,2,17,155,64,75,78,0,0,10,9,8,215
Robertson, David,502085,2021,12,12,50,46,11,7,2,0,2,16,4,6,7,0,2,0,0,0,3.75
Britton, Zack,502154,2021,22,18.1,82,65,17,12,3,0,2,16,14,12,14,1,3,0,1,2,-48.5
Cobb, Alex,502171,2021,18,93.1,393,354,85,63,15,2,5,98,33,39,46,0,0,8,3,3,186.5
Espino, Paolo,502179,2021,35,109.2,455,422,108,62,25,2,19,92,25,52,53,1,0,5,5,1,111.75
Boxberger, Brad,502202,2021,71,64.2,266,229,44,29,6,1,8,83,25,24,26,4,5,5,4,6,171.75
Cahill, Trevor,502239,2021,9,37,166,147,42,31,6,1,4,32,14,27,29,0,0,1,5,1,-40
Santiago, Hector,502327,2021,13,26.1,117,105,27,17,8,0,2,30,11,10,10,0,0,1,1,0,41.5
Miller, Justin,502522,2021,23,19,83,72,20,12,3,0,5,13,6,13,13,1,0,1,0,2,-11.25
Petricka, Jake,502593,2021,7,6,32,23,6,4,1,0,1,8,7,10,10,0,1,0,1,1,-48.75
Anderson, Chase,502624,2021,14,48,215,190,51,25,14,2,10,35,20,36,36,0,0,2,4,3,-68.75
Holland, Derek,502706,2021,39,49.2,225,202,58,38,12,2,6,51,20,28,29,0,0,3,2,1,23
Peacock, Brad,502748,2021,2,5.1,26,22,6,2,2,0,2,3,3,9,9,0,0,0,1,1,-42.25
O'Day, Darren,503285,2021,12,10.2,46,41,9,6,1,0,2,11,4,4,4,0,0,0,0,1,9.25
Peralta, Wily,503449,2021,19,93.2,402,352,87,55,17,3,12,58,38,32,41,0,0,4,5,4,54.25
Dolis, Rafael,503569,2021,39,32,156,125,29,19,7,1,2,39,27,20,21,3,1,2,3,3,3.75
Dickson, Brandon,505447,2021,2,2,10,10,5,2,2,0,1,1,0,3,3,0,0,0,0,0,-13.75
Darvish, Yu,506433,2021,30,166.1,681,623,138,70,35,5,28,199,44,78,81,0,0,8,11,8,320.25
Leon, Sandy,506702,2021,6,6,26,25,7,3,1,0,3,2,1,5,5,0,0,0,0,0,-16.25
Colome, Alex,517008,2021,67,65,290,258,68,46,14,0,8,58,23,30,41,17,7,4,4,4,117.5
Alexander, Scott,518397,2021,18,15.1,67,62,15,11,2,0,2,8,4,5,6,0,1,0,2,1,-4.75
Barreda, Manny,518435,2021,3,2.2,14,12,4,2,0,0,2,2,2,4,4,0,0,1,0,0,-7
Brasier, Ryan,518489,2021,13,12,50,45,12,9,1,0,2,9,4,2,5,0,1,1,1,0,23.75
Bumgarner, Madison,518516,2021,26,146.1,613,553,134,75,33,2,24,124,39,76,82,0,0,7,10,11,90.25
Cishek, Steve,518553,2021,74,68.1,308,256,61,45,14,0,2,64,41,26,32,0,5,0,2,6,-24.75
Diekman, Jake,518617,2021,67,60.2,262,223,47,29,6,2,10,83,34,26,29,7,7,3,3,4,111.75
Duffy, Danny,518633,2021,13,61,252,230,52,36,8,2,6,65,22,17,19,0,0,4,3,0,160
Harvey, Matt,518774,2021,28,127.2,582,536,160,104,33,4,19,95,37,89,96,0,0,6,14,5,-119.5
Holland, Greg,518813,2021,57,55.2,243,214,49,30,9,1,9,53,26,30,32,8,4,3,5,1,54.25
Jones, Nate,518858,2021,20,19,87,73,16,7,2,0,7,14,12,12,15,0,1,0,2,1,-36.25
Kelly, Merrill,518876,2021,27,158,667,612,163,107,31,4,21,130,41,78,82,0,0,7,11,4,101.25
Kimbrel, Craig,518886,2021,63,59.2,235,206,31,19,5,1,6,100,23,15,19,24,5,4,5,3,388
McFarland, T.J.,519008,2021,38,38.2,144,135,32,21,7,1,3,21,9,11,11,0,1,4,1,0,74.25
Moore, Matt,519043,2021,24,73,334,285,78,41,22,0,15,63,38,51,54,0,0,2,4,2,-87.5
Nelson, Jimmy,519076,2021,28,29,116,98,14,10,4,0,0,44,13,6,8,0,1,1,2,4,98.75
Pomeranz, Drew,519141,2021,27,25.2,102,90,19,13,3,1,2,30,10,5,6,0,0,1,0,0,76.75
Pressly, Ryan,519151,2021,64,64,250,236,49,36,9,0,4,81,13,16,19,26,2,5,3,0,401.25
Sale, Chris,519242,2021,9,42.2,183,167,45,33,5,1,6,52,12,15,19,0,0,5,1,4,126.75
Smith, Will,519293,2021,71,68,283,248,49,22,14,2,11,87,28,26,27,37,6,3,7,5,345
Sogard, Eric,519299,2021,5,4.1,21,20,7,4,1,0,2,1,0,3,3,0,0,0,0,1,-13.5
Strickland, Hunter,519326,2021,57,58.2,242,216,46,26,12,0,8,58,22,17,21,0,0,3,2,2,125.5
Workman, Brandon,519443,2021,29,28,136,115,36,25,6,1,4,25,21,17,20,0,0,1,2,0,-37.5
Zimmermann, Jordan,519455,2021,2,5.2,26,23,8,4,3,0,1,0,2,5,5,0,0,0,0,1,-29.5
Baez, Pedro,520980,2021,4,4.1,15,14,2,1,0,0,1,5,1,1,1,0,0,0,0,0,12.75
Hendriks, Liam,521230,2021,69,71,267,258,45,30,4,0,11,113,7,20,23,38,6,8,3,1,583.75
Kelly, Joe,523260,2021,48,44,182,161,28,17,7,1,3,50,15,14,16,2,1,2,0,4,113.75
Perez, Martin,527048,2021,36,114,509,459,136,91,24,2,19,97,36,60,71,0,0,7,8,9,32.5
Teheran, Julio,527054,2021,1,5,20,17,4,2,1,0,1,3,3,1,1,0,0,1,0,0,15
Castellanos, Humberto,528748,2021,14,45.2,196,173,48,31,9,1,7,29,15,25,26,0,1,2,2,2,-23.25
Shoemaker, Matt,533167,2021,16,60.1,284,246,73,44,14,0,15,40,27,54,56,0,0,3,8,3,-148.5
Hahn, Jesse,534910,2021,5,3.1,19,14,5,3,0,0,2,3,4,5,5,1,2,0,0,1,-34.75
Ramirez, Erasmo,541640,2021,17,26.2,109,101,24,16,3,1,4,20,5,17,17,0,0,1,1,1,-2
Cisnero, Jose,542585,2021,67,61.2,265,226,51,36,9,0,6,62,31,25,34,4,5,4,4,4,75.5
Anderson, Tyler,542881,2021,31,167,703,648,170,107,30,6,27,134,38,84,87,0,0,7,11,1,110
Andriese, Matt,542882,2021,34,48.1,222,201,65,48,8,2,7,50,13,28,35,1,3,2,3,4,-6
Armstrong, Shawn,542888,2021,31,36,165,147,39,21,7,1,10,44,15,27,28,0,1,1,0,2,-20
Bass, Anthony,542914,2021,70,61.1,260,228,55,36,7,1,11,58,24,26,33,0,4,3,9,3,44
Bleier, Richard,542947,2021,68,58,225,212,51,39,8,0,4,44,6,19,20,0,6,3,2,3,73.75
Brach, Brad,542960,2021,35,30,139,118,30,17,8,0,5,33,18,21,26,1,2,1,2,1,-26.25
Chatwood, Tyler,543022,2021,32,32,145,120,26,18,6,0,2,38,21,20,22,1,1,1,3,4,-7.5
Cole, Gerrit,543037,2021,30,181.1,726,677,151,99,27,1,24,243,41,65,69,0,0,16,8,2,639
Conley, Adam,543045,2021,17,19.2,76,66,14,9,2,1,2,16,6,5,5,0,0,0,0,2,25.5
Coulombe, Danny,543056,2021,29,34.1,139,131,35,22,8,0,5,33,7,14,17,0,1,3,2,0,67.75
DeSclafani, Anthony,543101,2021,31,167.2,676,626,141,98,22,2,19,152,42,59,61,0,0,13,7,2,379.25
Eovaldi, Nathan,543135,2021,32,182.1,764,719,182,109,54,4,15,195,35,76,81,0,0,11,9,7,367.75
Gose, Anthony,543238,2021,6,6.2,24,22,2,1,1,0,0,9,2,1,1,0,0,0,0,0,25.5
Gray, Sonny,543243,2021,26,135.1,575,512,115,76,15,5,19,155,50,63,67,0,0,7,9,8,209
Hand, Brad,543272,2021,68,64.2,278,238,56,35,10,2,9,61,26,28,39,21,8,6,7,6,179.25
Hendricks, Kyle,543294,2021,32,181,785,719,200,121,43,5,31,131,44,96,101,0,0,14,7,13,82.5
Hudson, Daniel,543339,2021,54,51.2,210,190,40,19,13,0,8,75,16,19,22,0,3,5,3,0,174.25
Jackson, Jay,543351,2021,23,21.2,90,76,15,8,3,1,3,28,12,9,9,0,2,2,1,0,41.75
Lyles, Jordan,543475,2021,32,180,769,697,194,119,34,3,38,146,56,103,104,0,0,10,13,7,25
May, Trevor,543507,2021,68,62.2,266,242,55,36,6,3,10,83,24,25,29,4,3,7,3,0,203
McHugh, Collin,543521,2021,37,64,247,232,48,37,6,2,3,74,12,11,15,1,2,6,1,2,263.75
Milone, Tommy,543548,2021,6,14,65,62,20,11,5,1,3,17,3,10,10,1,0,1,0,0,13.75
Nolin, Sean,543594,2021,10,26.2,123,106,32,21,5,2,4,20,13,13,13,0,0,0,2,2,-27
Odorizzi, Jake,543606,2021,24,104.2,441,399,97,58,20,3,16,91,34,49,51,0,0,6,7,3,104.25
Roark, Tanner,543699,2021,3,7,31,29,7,3,1,0,3,5,2,5,7,0,0,0,1,0,-8.75
Shaw, Bryan,543766,2021,81,77.1,334,294,69,45,13,1,10,71,38,30,33,2,6,6,7,1,86.5
Vincent, Nick,543883,2021,7,12.2,47,41,6,4,1,0,1,9,5,1,1,0,0,1,0,1,38
Weber, Ryan,543901,2021,4,9.2,45,39,15,8,2,0,5,8,4,13,13,0,0,0,0,1,-53.25
Familia, Jeurys,544727,2021,65,59.1,262,230,57,34,13,0,10,72,27,26,31,1,6,9,4,2,135.25
Strasburg, Stephen,544931,2021,5,21.2,95,80,16,9,3,0,4,21,14,11,12,0,0,1,2,1,5.5
Bauer, Trevor,545333,2021,17,107.2,432,390,71,36,14,2,19,137,37,31,36,0,0,8,5,3,366.75
Head, Louis,545343,2021,27,35,134,120,21,16,3,0,2,32,9,9,10,0,0,2,0,3,91.25
Poteet, Cody,547001,2021,7,30.2,132,116,25,11,7,0,7,32,16,17,17,0,0,2,3,0,24.25
Camarena, Daniel,547176,2021,6,9.1,47,44,16,11,3,0,2,7,3,10,12,0,0,0,1,0,-37.25
Lorenzen, Michael,547179,2021,27,29,125,108,26,19,5,0,2,21,14,18,18,4,0,1,2,1,2.5
Kim, Kwang Hyun,547942,2021,27,106.2,452,405,98,70,15,1,12,80,39,41,46,1,0,7,7,4,124.25
Ryu, Hyun Jin,547943,2021,31,169,701,658,170,105,38,3,24,143,37,82,85,0,0,14,10,2,235
Chapman, Aroldis,547973,2021,61,56.1,243,198,36,19,8,0,9,97,38,21,23,30,4,6,4,3,367.75
Raley, Brooks,548384,2021,58,49,205,185,43,31,6,0,6,65,16,26,30,2,3,2,3,3,72.5
Stripling, Ross,548389,2021,24,101.1,431,395,99,53,21,2,23,94,30,54,55,0,0,5,7,2,76.5
Kittredge, Andrew,552640,2021,57,71.2,282,262,55,37,11,0,7,77,15,15,21,8,1,9,3,3,338
Astudillo, Willians,553902,2021,4,4,16,14,1,0,0,0,1,0,2,1,1,0,0,0,0,0,-1.25
Garcia, Yimi,554340,2021,62,57.2,237,213,49,29,10,2,8,60,18,27,33,15,3,4,9,1,174.25
Wheeler, Zack,554430,2021,32,213.1,849,785,169,121,29,3,16,247,46,66,72,0,0,14,10,8,649
Matzek, Tyler,554431,2021,69,63,264,220,40,25,12,0,3,77,37,18,19,0,1,0,4,2,106.25
Pena, Felix,570240,2021,2,1.2,16,12,7,5,2,0,0,2,4,7,7,0,0,0,0,0,-45.75
Rodriguez, Joely,570257,2021,52,46.1,207,180,53,44,5,0,4,47,18,24,27,1,2,2,3,0,20.25
Valdez, Phillips,570488,2021,28,40,177,147,35,26,5,0,4,35,19,26,29,1,0,2,0,7,-20
Urena, Jose,570632,2021,26,100.2,456,408,119,74,29,2,14,67,42,65,70,0,0,4,8,4,-120.75
Robles, Hansel,570663,2021,72,69,297,254,58,32,17,1,8,76,37,34,39,14,2,3,5,5,127.5
Cessa, Luis,570666,2021,53,64.2,261,240,55,39,10,1,5,54,19,18,24,0,0,5,2,0,151.75
Bellatti, Andrew,571479,2021,3,3.1,19,17,6,5,1,0,0,4,2,5,5,0,0,0,0,0,-19.75
Boyd, Matthew,571510,2021,15,78.2,337,302,77,53,14,1,9,67,23,34,37,0,0,3,8,7,59.25
Brothers, Rex,571521,2021,57,53,236,193,41,23,9,0,9,75,35,31,31,1,1,3,2,6,48.75
Corbin, Patrick,571578,2021,31,171.2,751,672,192,119,32,4,37,143,60,111,114,0,0,9,16,3,-54.5
Farmer, Buck,571656,2021,36,35.1,171,144,40,26,5,0,9,37,21,25,25,0,1,0,0,5,-66
Fiers, Mike,571666,2021,2,9.1,45,41,15,9,2,0,4,5,4,8,8,0,0,0,2,0,-33.5
Floro, Dylan,571670,2021,68,64,270,244,53,40,11,0,2,62,25,20,25,15,6,6,6,0,217.5
Frankoff, Seth,571676,2021,4,14.2,74,60,20,13,3,0,4,11,9,15,15,0,0,0,2,2,-64.5
Givens, Mychal,571710,2021,54,51,216,184,43,24,12,0,7,54,27,19,22,8,3,4,3,2,122.5
Hale, David,571735,2021,17,26.2,116,106,30,18,7,0,5,21,9,19,20,0,1,0,2,1,-45.75
Heaney, Andrew,571760,2021,30,129.2,558,507,130,72,28,1,29,150,41,84,85,0,1,8,9,6,91.75
Hutchison, Drew,571800,2021,9,21.1,91,77,20,16,3,0,1,10,11,5,11,0,1,3,1,0,31.5
Krol, Ian,571871,2021,18,18.2,86,76,23,17,1,3,2,18,8,9,10,0,0,0,0,0,-3.25
Law, Derek,571882,2021,9,15,67,58,16,10,3,1,2,14,8,7,7,0,0,0,0,0,-2.5
Loup, Aaron,571901,2021,65,56.2,218,193,37,31,4,1,1,57,16,6,9,0,4,6,0,4,206.75
Matz, Steven,571927,2021,29,150.2,647,597,158,113,24,3,18,144,43,64,70,0,0,14,7,6,270.5
Mikolas, Miles,571945,2021,9,44.2,186,170,43,29,8,0,6,31,11,21,24,0,0,2,3,2,21.75
Miller, Shelby,571946,2021,13,12.2,62,49,16,11,1,1,3,8,11,13,13,0,0,0,1,1,-64.5
Milner, Hoby,571948,2021,19,21.2,99,93,30,19,3,0,8,30,3,13,15,0,0,0,0,2,13
Mitchell, Bryan,571951,2021,2,4,18,16,5,3,2,0,0,4,2,2,2,0,0,0,0,0,-1.25
Richards, Garrett,572070,2021,40,136.2,617,547,158,101,35,3,19,115,60,74,86,3,0,7,8,5,4.25
Selman, Sam,572125,2021,25,25,110,90,20,14,3,0,3,19,12,16,17,0,1,0,1,5,-43.75
Smith, Burch,572143,2021,31,43.1,188,175,49,31,13,0,5,28,11,26,27,0,1,1,1,1,-37.25
Tepera, Ryan,572193,2021,65,61.1,240,213,35,22,7,2,4,74,19,19,19,2,3,0,2,4,135.25
Greene, Shane,572888,2021,28,23.2,113,95,25,15,3,1,6,24,14,19,19,1,1,0,1,4,-53.25
Johnson, Pierce,572955,2021,63,58.2,244,214,47,27,14,0,6,77,27,21,21,0,2,3,4,1,129.25
Keuchel, Dallas,572971,2021,32,162,720,652,189,125,34,5,25,95,59,95,105,0,0,9,9,7,-121.25
Mantiply, Joe,573009,2021,57,39.2,177,154,45,28,11,5,1,38,17,15,24,0,2,0,3,1,4.25
Northcraft, Aaron,573062,2021,5,8,34,26,5,3,1,0,1,5,8,2,2,0,0,1,0,0,8.75
Ramos, AJ,573109,2021,4,4.2,16,14,0,0,0,0,0,3,2,0,0,0,0,0,0,0,13
Rogers, Taylor,573124,2021,40,40.1,166,154,38,27,7,0,4,59,8,15,18,9,4,2,4,0,161.5
Rosscup, Zac,573127,2021,4,3,13,10,3,2,0,0,1,4,1,1,1,0,0,0,0,1,3.75
Stroman, Marcus,573186,2021,33,179,730,665,161,118,23,3,17,158,44,60,70,0,0,10,13,7,338.75
Thielbar, Caleb,573204,2021,59,64,266,237,55,31,16,0,8,77,20,23,24,0,0,7,0,3,198.75
Minaya, Juan,573668,2021,29,40,167,143,27,15,8,0,4,43,20,11,12,0,0,2,1,2,88.75
Kikuchi, Yusei,579328,2021,29,157,666,597,145,88,28,2,27,163,62,77,82,0,0,7,9,5,153.75
Torreyes, Ronald,591720,2021,2,2.2,14,14,6,4,0,0,2,1,0,4,4,0,0,0,0,0,-19.5
Adam, Jason,592094,2021,12,10.2,50,41,10,5,4,0,1,19,6,7,7,0,0,1,0,3,15.5
Bedrosian, Cam,592135,2021,26,25,116,97,27,19,2,0,6,23,17,14,14,0,1,0,0,0,-32.5
Biddle, Jesse,592145,2021,8,10.2,51,38,10,8,1,0,1,11,8,10,10,0,0,0,0,2,-34.5
Brennan, Brandon,592165,2021,1,3,11,9,3,3,0,0,0,1,2,0,0,0,0,0,0,0,1.25
Brice, Austin,592169,2021,13,13.2,64,53,14,8,4,0,2,12,7,10,10,0,0,0,0,4,-32
Claudio, Alex,592222,2021,41,32.2,148,133,37,21,10,0,6,30,15,20,22,1,0,1,2,0,-9.5
Crichton, Stefan,592233,2021,31,23.1,117,99,33,23,7,0,3,17,12,19,22,4,0,0,4,4,-51
De Leon, Jose,592254,2021,9,18.1,91,76,22,13,5,0,4,33,11,17,17,0,0,0,1,2,-17.25
Emanuel, Kent,592288,2021,10,17.2,68,63,12,8,0,0,4,13,4,5,5,0,0,1,0,1,35.5
Foltynewicz, Mike,592314,2021,28,139,586,535,139,68,34,2,35,97,36,84,86,0,0,2,12,9,-91.25
Gausman, Kevin,592332,2021,33,192,775,715,150,97,29,4,20,227,50,60,66,0,0,14,6,4,600
Gonzalez, Chi Chi,592346,2021,24,101.2,448,409,127,72,35,2,18,56,28,73,74,0,0,3,7,6,-178.25
Gray, Jon,592351,2021,29,149,644,572,140,87,27,5,21,157,58,76,83,0,0,8,12,8,145
Hembree, Heath,592390,2021,60,58,243,217,45,23,10,0,12,83,24,36,39,9,2,2,7,2,120
Jackson, Luke,592426,2021,71,63.2,261,227,45,30,9,0,6,70,29,14,15,0,4,2,2,2,129.25
Kickham, Mike,592464,2021,1,2,12,10,5,3,1,0,1,2,1,3,3,0,0,0,0,1,-16.25
Kolarek, Adam,592473,2021,12,9,51,44,15,11,2,0,2,4,5,8,10,0,0,0,0,1,-41.25
Osich, Josh,592612,2021,17,14.1,60,55,15,10,1,0,4,9,5,8,9,1,2,2,0,0,5.25
Plutko, Adam,592644,2021,38,56.1,255,220,65,31,15,2,17,44,27,42,43,1,3,1,2,3,-116
Ray, Robbie,592662,2021,32,193.1,773,714,150,83,31,3,33,248,52,61,62,0,0,13,7,4,632.75
Sampson, Adrian,592716,2021,10,35.1,145,130,30,16,6,0,8,28,8,11,15,0,0,1,2,6,42.75
Sanchez, Aaron,592717,2021,9,35.1,156,137,32,24,5,1,2,26,15,12,12,0,0,1,1,4,17.75
Shreve, Chasen,592741,2021,57,56.1,235,203,43,24,12,0,7,45,28,20,20,0,2,3,3,1,51.5
Smith, Caleb,592761,2021,45,113.2,500,429,93,54,19,0,20,124,63,61,64,0,2,4,9,6,36.75
Smyly, Drew,592767,2021,29,126.2,546,494,133,83,23,0,27,117,41,63,69,0,0,11,4,2,156.75
Stanek, Ryne,592773,2021,72,68.1,290,247,46,31,7,0,8,83,37,26,32,2,2,3,5,5,122.75
Taillon, Jameson,592791,2021,29,144.1,603,547,130,78,27,1,24,140,44,69,73,0,0,8,6,6,177.75
Velasquez, Vince,592826,2021,25,94.1,417,362,91,42,22,4,23,101,49,66,68,0,0,3,9,4,-51
Wade, Konner,592831,2021,7,12.1,64,59,23,16,4,0,3,11,5,16,16,0,0,0,0,0,-63.5
Walker, Taijuan,592836,2021,30,159,654,590,133,82,25,0,26,146,55,79,84,0,0,7,11,4,141.25
Wick, Rowan,592858,2021,22,23,100,83,17,15,1,0,1,29,14,11,12,5,3,0,1,1,28.75
Williams, Taylor,592865,2021,11,11.2,55,44,12,8,3,0,1,9,8,6,7,0,0,0,0,2,-19.5
Williams, Trevor,592866,2021,23,91,405,366,105,66,25,3,11,90,31,44,51,0,0,4,2,3,66.25
Wojciechowski, Asher,592879,2021,1,4,19,15,3,0,2,0,1,4,3,2,2,0,0,0,0,1,-3.75
Feliz, Michael,593140,2021,21,20,90,83,26,18,4,0,4,22,7,16,17,1,0,0,0,0,-18.75
Rodriguez, Richard,593144,2021,64,64.1,251,239,50,29,11,2,8,42,10,21,21,14,3,5,4,2,199
German, Domingo,593334,2021,22,98.1,410,380,89,53,16,3,17,98,27,50,52,0,0,4,5,2,106.5
Martinez, Carlos,593372,2021,16,82.1,363,313,77,50,17,2,8,57,36,57,58,0,0,4,9,11,-101
Montas, Frankie,593423,2021,32,187,778,707,164,108,33,3,20,207,57,70,79,0,0,13,9,7,432.5
Neris, Hector,593576,2021,74,74.1,310,272,55,31,11,1,12,98,32,30,34,12,7,4,7,4,202.75
Baldonado, Alberto,593604,2021,14,10.2,49,41,10,7,0,0,3,12,7,10,10,0,4,0,1,0,-49.5
Tapia, Domingo,593619,2021,34,33.2,135,120,25,19,5,0,1,26,15,10,10,0,3,4,1,0,60.5
Suero, Wander,593833,2021,45,42.2,190,169,45,24,10,0,11,44,15,30,35,0,3,2,3,4,-32
Rodriguez, Eduardo,593958,2021,32,157.2,675,622,172,111,41,1,19,185,47,83,87,0,0,13,8,2,265.5
Peralta, Wandy,593974,2021,56,51,219,195,49,36,6,1,6,43,21,19,24,5,1,5,4,1,111.25
Guduan, Reymin,594056,2021,11,14.1,65,55,19,14,4,0,1,5,5,10,11,0,1,0,0,0,-44.75
Gustave, Jandel,594311,2021,14,18.1,79,67,15,12,1,0,2,13,5,7,10,0,1,1,2,4,7.75
Mayers, Mike,594577,2021,72,75,315,284,71,44,14,2,11,90,26,32,32,2,3,5,5,3,147.5
Moll, Sam,594580,2021,8,10.1,44,37,8,7,0,0,1,8,5,4,4,0,0,0,0,2,-2.25
Difo, Wilmer,594694,2021,2,2,18,14,9,5,3,0,1,1,3,8,8,0,0,0,0,0,-51.25
Dayton, Grant,594795,2021,13,13,61,53,15,8,4,1,2,14,6,9,10,0,0,0,0,0,-11.25
deGrom, Jacob,594798,2021,15,92,324,310,40,19,13,2,6,146,11,11,14,0,0,7,2,1,547.5
Gonzales, Marco,594835,2021,25,143.1,585,535,125,61,33,2,29,108,42,63,64,0,0,10,6,5,164
Ponce de Leon, Daniel,594965,2021,24,33.1,158,127,32,15,12,0,5,24,22,23,24,2,1,1,1,5,-61
Rowen, Ben,594985,2021,8,11.1,49,44,12,7,1,1,3,8,2,7,8,0,0,0,0,2,-12.25
Ryan, Kyle,594986,2021,13,13.1,62,54,17,9,5,0,3,8,6,10,10,1,0,0,0,0,-27.25
Sadler, Casey,594987,2021,42,40.1,145,133,19,15,2,1,1,37,10,3,4,0,0,0,1,1,126.5
Treinen, Blake,595014,2021,72,72.1,286,257,46,37,4,0,5,85,25,16,20,7,4,6,5,3,279
Eickhoff, Jerad,595191,2021,5,19.2,104,90,30,13,8,0,9,13,10,19,24,0,0,0,2,3,-84.5
Jannis, Mickey,595263,2021,1,3.1,21,17,8,3,2,0,3,1,4,7,7,0,0,0,0,0,-44.75
Okert, Steven,595345,2021,34,36,142,120,22,11,6,0,5,40,15,11,12,0,0,3,1,4,97.5
Sherriff, Ryan,595411,2021,16,14.2,72,58,14,11,3,0,0,16,9,9,11,1,1,0,1,4,-19.5
Winkler, Dan,595465,2021,47,39.2,190,150,32,18,9,0,5,40,30,23,24,0,1,1,3,9,-48.25
Alaniz, R.J.,595798,2021,3,2.2,13,9,1,0,0,0,1,3,3,1,1,0,0,0,0,1,-3.25
Cole, A.J.,595918,2021,6,8,30,29,6,3,2,0,1,7,1,1,1,1,1,0,0,0,22.5
Curtiss, John,595928,2021,41,44.1,187,172,42,27,8,1,6,44,12,17,21,0,1,3,1,1,81.5
Ellis, Chris,595939,2021,7,29.1,121,105,21,14,4,0,3,23,14,7,7,0,0,1,0,2,41.5
Junis, Jakob,596001,2021,16,39.1,168,154,43,29,7,0,7,41,12,23,24,0,2,2,4,0,14
Maples, Dillon,596027,2021,28,31.1,139,104,15,10,3,0,2,40,25,9,10,0,0,1,0,8,44
Morimando, Shawn,596049,2021,4,10.1,54,48,18,10,5,1,2,9,5,11,11,0,0,0,0,0,-42.25
Nogowski Jr., John,596056,2021,3,3,16,16,8,5,3,0,0,0,0,5,5,0,0,0,0,0,-27.5
Norris, Daniel,596057,2021,56,57,248,215,55,36,10,0,9,58,30,39,41,1,3,2,3,2,-43.75
Peters, Dillon,596071,2021,6,26.2,117,106,26,14,8,2,2,23,10,11,12,0,0,1,2,1,20.5
Reed, Jake,596082,2021,10,10,43,40,10,8,1,0,1,10,2,4,6,0,1,0,1,0,6.25
Stephenson, Robert,596112,2021,49,46,197,174,42,27,6,4,5,52,18,16,20,1,1,2,1,2,87.5
Weaver, Luke,596133,2021,13,65.2,275,249,58,27,14,6,11,62,20,31,34,0,0,3,6,1,75.5
Gomber, Austin,596295,2021,23,115.1,488,440,102,60,21,1,20,113,41,58,64,0,0,9,9,3,155.25
Johnson, DJ,597113,2021,4,4.1,15,15,2,1,0,0,1,5,0,1,1,0,0,0,0,0,15.25
Barnes, Matt,598264,2021,60,54.2,222,199,41,27,6,0,8,84,20,23,25,24,6,6,5,2,311.75
Ramirez, Nick,598286,2021,13,20.1,91,83,23,16,5,0,2,14,7,13,15,0,0,1,1,0,-13.5
Ramirez, Noe,598287,2021,38,36,147,129,23,15,5,0,3,29,12,12,14,1,2,0,2,3,30
Del Pozo, Miguel,600887,2021,5,5.1,25,23,8,5,3,0,0,4,2,2,2,0,0,0,0,0,-2.25
Machado, Andres,600921,2021,40,35.2,154,133,30,19,6,1,4,30,15,14,17,0,3,1,2,5,-0.75
Pivetta, Nick,601713,2021,31,155,661,585,137,80,31,2,24,175,65,78,80,1,0,9,8,5,207.5
Barlow, Scott,605130,2021,71,74.1,306,274,61,40,17,0,4,91,28,20,20,16,6,5,3,2,286.5
Bassitt, Chris,605135,2021,27,157.1,637,583,127,82,29,1,15,159,39,55,55,0,0,12,4,11,381.5
Benjamin, Wes,605138,2021,13,22.2,112,94,29,19,4,0,6,19,17,22,23,0,1,0,2,0,-92
Bradley, Archie,605151,2021,53,51,224,198,51,34,10,2,5,40,22,21,24,2,3,7,3,3,77.5
Brebbia, John,605154,2021,18,18.1,87,79,25,14,7,0,4,22,4,12,13,0,1,0,1,2,-12.25
Bundy, Dylan,605164,2021,23,90.2,397,352,89,46,22,1,20,84,34,61,64,0,0,2,9,6,-55.75
Chafin, Andrew,605177,2021,71,68.2,266,242,45,33,7,1,4,64,19,14,14,5,3,2,4,2,189.25
Cotton, Jharel,605194,2021,23,30.2,137,118,28,21,5,0,2,30,15,12,12,0,0,2,0,2,38
Crick, Kyle,605195,2021,27,24.1,107,80,14,12,2,0,0,21,19,12,14,0,1,1,1,5,-18.5
Davies, Zach,605200,2021,32,148,668,577,162,95,41,1,25,114,75,95,99,0,0,6,12,5,-147.5
Edwards Jr., Carl,605218,2021,7,5.2,31,27,11,6,1,1,3,6,3,7,7,0,1,0,0,0,-34.5
Fry, Jace,605240,2021,6,6.2,31,24,10,9,0,0,1,3,6,8,8,0,0,0,1,1,-47
Fulmer, Michael,605242,2021,52,69.2,297,270,69,51,10,1,7,73,20,23,27,14,4,5,6,5,216.75
Hess, David,605276,2021,15,20,102,88,32,15,7,0,10,18,11,22,24,0,2,2,2,1,-72.5
Holmes, Clay,605280,2021,69,70,292,257,53,43,5,0,5,78,29,28,32,0,2,8,4,4,168.75
Houser, Adrian,605288,2021,28,142.1,599,518,118,86,18,2,12,105,64,51,61,0,0,10,6,9,157.75
Kela, Keone,605309,2021,12,10.2,48,45,11,8,0,0,3,13,3,6,8,0,2,2,2,0,19.25
Lopez, Jorge,605347,2021,33,121.2,555,485,142,92,28,1,21,112,56,82,83,0,1,3,14,10,-138.25
Marshall, Evan,605359,2021,27,27.1,113,101,28,15,7,1,5,26,9,17,17,0,4,0,2,0,-34.75
Morgan, Adam,605388,2021,34,25.1,108,93,22,10,5,1,6,28,12,12,15,2,2,2,1,1,37.75
Musgrove, Joe,605397,2021,32,181.1,748,667,142,89,27,4,22,203,54,64,68,0,0,11,9,18,420.25
Nola, Aaron,605400,2021,32,180.2,749,696,165,105,29,5,26,223,39,93,95,0,0,9,9,9,329.25
Rios, Yacksel,605441,2021,23,27.1,114,95,18,9,4,2,3,23,16,13,13,0,0,3,0,2,30.25
Romano, Jordan,605447,2021,62,63,253,226,41,26,8,0,7,85,25,15,17,23,1,7,1,1,403.75
Ross, Joe,605452,2021,20,108,460,413,98,64,17,0,17,109,34,50,57,0,0,5,9,8,127.5
Snell, Blake,605483,2021,27,128.2,550,472,101,58,26,1,16,170,69,60,61,0,0,7,6,3,226.75
Springs, Jeffrey,605488,2021,43,44.2,179,162,35,18,6,2,9,63,14,17,21,2,2,5,1,0,166.75
Thompson, Zach,605507,2021,26,75,315,278,63,36,19,2,6,66,28,27,35,0,0,3,7,3,98.75
Turnbull, Spencer,605513,2021,9,50,201,182,37,27,7,1,2,44,12,16,18,0,0,4,2,5,116.25
Warren, Art,605521,2021,26,21,82,72,11,7,3,0,1,34,8,3,3,0,0,3,0,1,123.75
Wendelken, J.B.,605525,2021,46,43.2,194,172,44,32,8,0,4,39,22,21,24,2,1,4,3,0,46.75
Wisler, Matt,605538,2021,48,48.2,195,180,41,24,9,2,6,62,11,20,24,1,3,3,5,1,119.25
Woodruff, Brandon,605540,2021,30,179.1,708,650,130,93,16,3,18,211,43,51,54,0,0,9,10,7,545.25
Wright Jr., Mike,605541,2021,13,18,81,67,17,11,5,0,1,11,11,11,12,0,0,0,1,2,-36.25
Castro, Harold,605612,2021,3,2.2,11,8,0,0,0,0,0,0,3,0,0,0,0,0,0,0,-2
Gallegos, Giovanny,606149,2021,73,80.1,310,278,51,31,13,1,6,95,20,27,28,14,8,6,5,6,286.5
Montero, Rafael,606160,2021,44,49.1,225,199,59,42,13,0,4,42,17,35,40,7,6,5,4,5,-7.25
Payamps, Joel,606303,2021,37,50.1,205,190,44,28,10,0,6,38,14,19,22,0,0,1,3,1,45.25
Garcia, Jarlin,606424,2021,58,68.2,269,245,48,21,18,0,9,68,18,20,26,1,2,6,3,2,199.25
Moronta, Reyes,606625,2021,4,4,13,13,1,0,0,0,1,2,0,1,1,0,0,0,0,0,8.75
Barnes, Jacob,606930,2021,29,28.2,128,115,31,18,6,0,7,33,11,20,20,2,0,1,2,1,9.25
Devenski, Chris,606965,2021,8,7.1,35,32,11,7,2,0,2,5,2,7,7,1,2,1,0,1,-19.75
Peterson, Jace,607054,2021,2,2,11,10,4,3,1,0,0,2,1,2,2,0,0,0,0,0,-7.5
Rea, Colin,607067,2021,1,6,24,23,7,3,2,0,2,5,0,5,5,0,0,0,0,0,-6.25
Rodon, Carlos,607074,2021,24,132.2,534,481,91,62,15,1,13,185,36,35,39,0,0,13,5,8,556.75
Weems, Jordan,607179,2021,7,5.2,30,23,6,2,1,1,2,7,6,10,10,0,1,0,1,1,-50.75
Faria, Jake,607188,2021,23,32.2,154,137,39,24,7,3,5,32,13,20,21,0,0,0,0,2,-25.75
Glasnow, Tyler,607192,2021,14,88,340,313,55,31,13,1,10,123,27,26,26,0,0,5,2,0,323.75
Fedde, Erick,607200,2021,29,133.1,590,524,144,91,29,1,23,128,48,81,90,0,1,7,9,4,19
Krehbiel, Joey,607216,2021,6,8.1,34,29,5,2,2,0,1,7,5,4,4,0,0,0,0,0,-1
Romano, Sal,607219,2021,19,25,118,106,31,21,4,1,5,17,11,17,20,0,0,0,2,1,-48.75
Gsellman, Robert,607229,2021,17,28.2,119,109,27,18,6,0,3,17,7,12,14,0,0,0,1,2,-3.25
Gant, John,607231,2021,39,110,491,408,95,64,17,4,10,92,71,50,56,0,0,5,11,6,6.25
Garrett, Amir,607237,2021,63,47.2,215,185,46,27,10,0,9,61,29,32,34,7,4,0,4,0,-0.75
Biagini, Joe,607352,2021,1,3,13,10,2,2,0,0,0,2,1,0,0,0,0,1,0,1,17.5
Patton, Spencer,607359,2021,42,42.1,172,157,36,24,8,0,4,48,15,18,20,2,3,2,2,0,71.5
Tropeano, Nick,607374,2021,5,8,34,30,8,5,2,0,1,2,3,2,3,0,0,1,0,0,10
Mazza, Chris,607391,2021,14,27.1,112,101,26,18,4,1,3,21,7,14,14,1,0,0,0,2,1.5
Banda, Anthony,607455,2021,30,33.2,153,136,39,25,8,0,6,32,13,16,18,0,4,2,2,2,-3.25
Barraclough, Kyle,607457,2021,10,13,60,49,12,7,1,0,4,18,8,8,8,0,0,2,0,2,22.5
Blandino, Alex,607468,2021,4,3.2,18,14,4,3,0,0,1,1,4,4,5,0,0,0,0,0,-24.5
Bummer, Aaron,607481,2021,62,56.1,242,208,42,38,1,0,3,75,29,22,28,2,6,5,5,4,120.25
Freeland, Kyle,607536,2021,23,120.2,515,469,133,85,28,0,20,105,38,58,59,0,0,7,8,4,89.25
Harper, Ryne,607560,2021,34,35.2,148,131,28,17,5,0,6,31,14,16,16,0,1,0,2,2,4.25
Howard, Sam,607572,2021,54,45,199,161,34,21,6,0,7,60,32,28,29,0,1,3,4,3,23.75
Lugo, Seth,607625,2021,46,46.1,195,173,41,26,8,1,6,55,19,18,18,1,4,4,3,1,92.75
Means, John,607644,2021,26,146.2,590,557,125,73,21,1,30,134,26,59,64,0,0,6,9,4,249.25
Estevez, Carlos,608032,2021,64,61.2,270,242,71,49,13,1,8,60,21,30,32,11,6,3,5,2,75.5
De Jong, Chase,608328,2021,9,43.2,196,175,49,20,15,3,11,39,19,28,28,0,0,1,4,1,-33.25
Fried, Max,608331,2021,28,165.2,667,612,139,94,28,2,15,158,41,56,61,0,0,14,7,7,409.25
Fulmer, Carson,608334,2021,20,25.2,116,98,26,17,5,1,3,24,13,19,20,0,0,0,0,3,-44.5
Funkhouser, Kyle,608335,2021,57,68.1,298,253,58,45,4,3,6,63,38,26,32,1,4,7,4,3,91.5
Giolito, Lucas,608337,2021,31,178.2,720,662,145,87,27,4,27,201,52,70,74,0,0,11,9,2,419.25
Irvin, Cole,608344,2021,32,178.1,768,710,195,136,35,1,23,125,42,84,94,0,0,10,15,9,91.5
Knebel, Corey,608349,2021,27,25.2,101,91,16,11,3,0,2,30,9,7,8,3,2,4,0,0,116.75
Sims, Lucas,608371,2021,47,47,195,170,34,17,11,0,6,76,18,23,26,7,3,5,3,4,182.5
Wacha, Michael,608379,2021,29,124.2,528,488,132,83,25,1,23,121,31,70,73,0,0,3,5,4,48
Marquez, German,608566,2021,32,180,756,682,165,108,35,1,21,176,64,88,92,0,0,12,11,4,223.75
Chargois, JT,608638,2021,56,53.2,216,188,38,22,10,1,5,53,20,15,16,0,5,6,1,6,121.75
Duffey, Tyler,608648,2021,64,62.1,254,222,48,36,7,1,4,61,28,22,25,3,2,3,3,2,106.5
Enns, Dietrich,608650,2021,9,22.1,88,82,17,12,3,1,1,25,6,7,8,2,0,2,0,0,84
Farrell, Luke,608652,2021,20,24.2,113,100,28,17,6,1,4,25,13,13,13,0,0,1,1,0,3
Graveman, Kendall,608665,2021,53,56,222,194,35,27,5,0,3,61,20,11,15,10,5,5,1,8,217.5
Leone, Dominic,608678,2021,57,53.2,219,190,37,27,8,0,2,50,22,9,15,2,2,4,5,1,159.25
Steckenrider, Drew,608716,2021,62,67.2,267,243,52,33,14,0,5,58,17,15,16,14,3,5,2,4,251.75
Stratton, Chris,608717,2021,68,79.1,337,300,70,49,11,1,9,86,33,32,34,8,5,7,1,1,186.5
Suter, Brent,608718,2021,61,73.1,313,286,72,48,14,1,9,69,24,25,34,1,8,12,5,1,184
Voth, Austin,608723,2021,49,57.1,248,214,57,34,13,0,10,59,28,34,35,0,6,4,1,1,-11
Castro, Miguel,612434,2021,69,70.1,303,254,48,34,7,0,7,77,43,27,30,0,2,3,4,6,75.25
Adams, Austin,613534,2021,65,52.2,241,176,28,16,10,1,1,76,35,24,28,0,1,3,2,24,49.25
Ruiz, Jose,614179,2021,59,65,271,243,51,29,14,0,8,63,25,22,26,0,1,1,3,0,90
Quantrill, Cal,615698,2021,40,149.2,616,552,129,87,23,3,16,121,47,48,55,0,0,8,3,9,234.25
Sawamura, Hirokazu,617228,2021,55,53,233,198,45,23,13,0,9,61,32,18,24,0,1,5,1,2,110
Aguilar, Miguel,620396,2021,9,7,29,24,6,4,2,0,0,3,4,5,6,0,0,1,1,0,-5
Reyes, Alex,621052,2021,69,72.1,317,262,46,33,4,0,9,95,52,26,32,29,5,10,8,2,370.25
Wood, Hunter,621056,2021,5,5,19,16,2,0,1,0,1,5,2,2,2,0,0,0,0,0,7.5
Garza, Justin,621057,2021,21,28.2,128,108,27,17,5,0,5,29,18,15,16,0,1,2,1,0,8
Rucker, Michael,621074,2021,20,28.1,126,112,32,20,7,0,5,30,11,22,25,1,1,0,0,2,-37.25
Kaprielian, James,621076,2021,24,119.1,502,451,105,58,24,4,19,123,41,54,55,0,0,8,5,5,189
Lail, Brady,621078,2021,2,2,10,10,4,2,1,0,1,1,0,3,3,0,0,0,0,0,-12.5
Hanhold, Eric,621098,2021,10,10.1,47,43,13,10,1,0,2,6,3,8,9,0,1,0,0,1,-32.25
Eflin, Zach,621107,2021,18,105.2,442,421,116,70,29,2,15,99,16,49,52,0,0,4,7,3,123
Buehler, Walker,621111,2021,33,207.2,815,747,149,92,36,2,19,212,52,57,61,0,0,16,4,6,631.75
Blackburn, Paul,621112,2021,9,38.1,175,163,52,35,7,2,8,26,10,25,26,0,0,1,4,2,-47.25
Burr, Ryan,621114,2021,34,36.2,151,125,28,22,3,0,3,33,21,10,11,0,1,2,1,1,51.75
McCullers Jr., Lance,621121,2021,28,162.1,684,596,122,80,26,3,13,185,76,57,59,0,0,13,5,10,377.75
Cody, Kyle,621129,2021,7,11.1,55,49,16,12,1,0,3,14,2,10,11,0,1,0,2,3,-26
Kriske, Brooks,621139,2021,12,11.1,56,47,17,6,3,1,7,11,6,18,19,0,1,2,1,1,-54.75
Mills, Alec,621219,2021,32,119,517,470,137,94,27,0,16,87,34,67,75,1,0,6,7,7,-12.5
Alvarado, Jose,621237,2021,64,55.2,251,197,42,30,7,0,5,68,47,26,30,5,3,7,1,7,90.5
Diaz, Edwin,621242,2021,63,62.2,257,221,43,30,9,1,3,89,23,24,27,32,6,5,6,9,349.25
Berrios, Jose,621244,2021,32,192,781,714,159,94,40,3,22,204,45,75,83,0,0,12,9,15,416.25
Garza Jr., Ralph,621248,2021,27,30.1,127,112,24,12,7,0,5,29,14,12,15,1,1,1,4,1,32.75
Underwood Jr., Duane,621249,2021,43,72.2,320,285,77,49,17,2,9,65,27,35,40,0,0,2,3,4,19.25
Koerner, Brody,621259,2021,2,3,13,10,2,1,1,0,0,1,2,1,1,0,0,0,0,1,-5
Oswalt, Corey,621261,2021,3,10.1,42,40,12,7,4,0,1,10,2,4,4,0,0,1,1,0,22.75
Wittgren, Nick,621295,2021,60,62.1,258,234,61,35,12,1,13,61,17,35,38,1,0,2,9,2,40.25
Minter, A.J.,621345,2021,61,52.1,221,195,44,25,16,1,2,57,20,22,27,0,6,3,6,1,55.25
Clay, Sam,621348,2021,58,45,214,186,55,42,9,0,4,34,22,28,32,0,1,0,5,5,-85
Borucki, Ryan,621366,2021,24,23.2,98,84,18,10,3,0,5,21,11,13,14,0,1,3,1,1,24.25
Hearn, Taylor,621368,2021,42,104.1,441,389,96,62,16,1,17,92,42,54,58,0,1,6,6,3,56.5
Strahm, Matt,621381,2021,6,6.2,36,34,15,10,5,0,0,4,1,6,6,0,1,0,1,0,-32
Castro, Anthony,621593,2021,25,24.2,109,97,23,12,7,0,4,32,8,13,15,1,1,1,2,3,31.75
Young, Alex,622065,2021,40,52,246,212,65,42,9,2,12,43,27,38,43,0,2,2,6,3,-96.25
Wood, Alex,622072,2021,26,138.2,585,529,125,84,24,3,14,152,39,59,63,0,0,10,4,16,261.75
Almonte, Yency,622075,2021,48,47.2,217,181,47,27,10,1,9,47,29,40,42,0,3,1,3,4,-112
Antone, Tejay,622088,2021,23,33.2,128,112,17,12,2,0,3,42,13,8,8,3,4,2,0,3,105.5
Zimmer, Kyle,622092,2021,52,54,223,189,46,31,8,0,7,46,30,29,32,2,1,4,1,0,28.75
Smith, Drew,622098,2021,31,41.1,165,146,28,12,9,0,7,41,16,11,13,0,0,3,1,2,107.75
Sborz, Josh,622250,2021,63,59,257,222,52,34,10,1,7,69,32,26,29,1,3,4,3,0,82.5
Staumont, Josh,622251,2021,64,65.2,264,235,43,29,8,0,6,72,27,21,24,5,0,4,3,2,193
Tate, Dillon,622253,2021,62,67.2,287,249,61,39,14,1,7,49,23,33,35,3,2,0,6,7,-19.5
Weigel, Patrick,622256,2021,3,4,21,16,4,3,0,0,1,9,4,2,2,0,0,0,0,1,5
Rodriguez, Jefry,622446,2021,14,24.1,112,94,25,18,1,0,6,20,17,16,16,0,0,0,0,1,-46
Castillo, Luis,622491,2021,33,187.2,803,711,181,121,34,7,19,192,75,83,94,0,0,8,16,7,201.75
Mella, Keury,622492,2021,2,1.2,15,13,8,5,1,0,2,2,2,6,6,0,0,0,0,0,-37
Crismatt, Nabil,622503,2021,45,81.1,351,317,87,61,16,0,10,71,24,34,40,0,1,3,1,8,52.75
Senzatela, Antonio,622608,2021,28,156.2,670,620,178,123,39,4,12,105,32,77,84,0,0,4,10,9,-7
Severino, Luis,622663,2021,4,6,22,20,2,1,1,0,0,8,1,0,0,0,0,1,0,1,40
Hernandez, Elieser,622694,2021,11,51.2,225,204,54,27,13,1,13,53,14,24,26,0,0,1,3,3,43
Diaz, Miguel,622766,2021,25,42,172,152,31,14,7,2,8,46,19,17,19,1,0,3,1,0,92.5
Perdomo, Angel,622780,2021,19,17,79,60,12,6,2,0,4,28,16,12,12,0,0,1,0,2,5
Tinoco, Jesus,622786,2021,1,1.1,10,8,5,2,0,0,3,0,1,5,5,0,1,0,0,1,-39.75
Sewald, Paul,623149,2021,62,64.2,264,239,42,24,7,1,10,104,24,22,24,11,5,10,3,0,360.5
Flexen, Chris,623167,2021,31,179.2,741,690,185,127,34,5,19,125,40,72,74,0,0,14,6,4,234.25
Hader, Josh,623352,2021,60,58.2,224,197,25,18,4,0,3,102,24,8,8,34,1,4,2,2,520.5
Zamora, Daniel,623354,2021,4,4.1,18,17,5,2,2,0,1,3,1,3,4,0,0,2,0,0,19
Wieck, Brad,623364,2021,15,17,71,61,10,7,3,0,0,28,10,0,0,0,0,0,0,0,75
Anderson, Nick,623433,2021,6,6,24,21,4,2,0,0,2,1,2,3,3,1,0,0,1,0,-1.25
Topa, Justin,623437,2021,4,3.1,23,22,12,7,3,0,2,1,1,11,11,0,1,0,0,0,-68.5
Anderson, Drew,623454,2021,9,22,91,84,20,17,2,0,1,9,6,8,8,0,0,1,1,1,7.5
Phillips, Evan,623465,2021,8,13.1,58,52,11,8,2,0,1,11,5,5,6,1,0,1,1,1,25.25
Newberry, Jake,623470,2021,4,4.1,24,21,10,6,2,0,2,5,3,8,8,0,0,0,0,0,-37.25
Herget, Jimmy,623474,2021,18,18.2,78,70,20,12,6,1,1,20,4,11,12,0,2,2,3,3,10.5
Goudeau, Ashton,623485,2021,16,34.1,141,119,24,12,8,0,4,22,17,16,16,0,2,2,1,2,-4.75
Suarez, Ranger,624133,2021,39,106,418,376,73,59,9,1,4,107,33,16,20,4,3,8,5,5,372.5
Castellani, Ryan,624418,2021,1,3.1,17,12,5,2,2,0,1,2,4,2,2,0,0,0,0,1,-16
Gonsalves, Stephen,624427,2021,3,4.1,18,15,2,1,1,0,0,4,2,2,2,0,0,0,0,1,0.25
Thompson, Keegan,624522,2021,32,53.1,243,206,48,30,9,0,9,55,31,20,22,1,1,3,3,2,65.25
Hoyt, James,624586,2021,9,8,46,37,12,7,5,0,0,11,7,6,10,0,0,0,0,2,-20
Gonzalez, Victor,624647,2021,44,35.1,155,131,32,23,6,0,3,33,19,14,14,1,1,3,1,3,42.75
Lopez, Reynaldo,625643,2021,20,57.2,222,205,42,19,12,1,10,55,13,22,27,0,0,4,4,0,135.5
Thorpe, Lewis,626929,2021,5,15.1,66,59,14,9,3,0,2,6,7,8,11,0,0,0,2,0,-22.25
Maeda, Kenta,628317,2021,21,106.1,453,411,106,68,20,2,16,113,32,55,60,0,0,6,5,7,117.75
Nunez, Darien,628345,2021,6,7.2,33,29,8,3,2,0,3,8,4,7,8,0,1,0,1,0,-23.25
Iglesias, Raisel,628452,2021,65,70,273,256,53,34,8,0,11,103,12,20,25,34,5,7,5,1,502.5
Urias, Julio,628711,2021,32,185.2,745,691,151,99,33,0,19,195,38,61,67,0,0,20,3,7,594.25
Crowe, Wil,640444,2021,26,116.2,524,457,126,77,20,4,25,111,57,71,75,0,0,4,8,6,-52
Finnegan, Kyle,640448,2021,68,66,294,255,64,44,10,1,9,68,34,26,39,11,4,5,9,2,141.25
Harvey, Hunter,640451,2021,9,8.2,36,33,8,5,0,2,1,6,3,4,4,0,0,0,0,0,-2
Manaea, Sean,640455,2021,32,179.1,754,702,179,119,33,2,25,194,41,78,79,0,0,11,10,9,331.5
Puk, A.J.,640462,2021,12,13.1,65,58,18,16,1,0,1,16,6,9,9,0,2,0,3,1,-24.75
Stewart, Kohl,640464,2021,4,13.2,64,55,17,13,2,0,2,11,6,8,12,0,0,1,1,2,-8.25
Alzolay, Adbert,640470,2021,29,125.2,519,474,112,67,19,1,25,128,34,64,66,1,0,5,13,5,144.25
Lopez, Pablo,641154,2021,20,102.2,418,382,89,55,21,2,11,115,26,35,37,0,0,5,5,7,236.75
Alexander, Tyler,641302,2021,41,106.1,451,415,106,68,20,2,16,87,28,45,47,0,0,2,4,4,70.25
Anderson, Shaun,641312,2021,16,23.1,124,109,36,25,6,1,4,19,12,22,30,0,0,0,0,2,-84.75
Bickford, Phil,641360,2021,57,51.1,207,183,36,23,5,1,7,59,19,16,18,1,2,4,2,3,139
Bowden, Ben,641386,2021,39,35.2,177,153,44,25,11,2,6,42,21,26,30,0,1,3,2,1,-15.75
Brentz, Jake,641394,2021,72,64,278,229,45,27,9,2,7,76,37,26,32,2,5,5,2,6,100
Brogdon, Connor,641401,2021,56,57.2,235,213,47,29,12,0,6,50,18,22,27,1,4,5,4,1,95.5
Burdi, Zack,641420,2021,7,10,49,40,13,9,1,0,3,7,5,6,7,0,0,0,0,2,-21.25
Castano, Daniel,641447,2021,5,20.1,92,82,22,13,6,0,3,13,8,11,12,0,0,0,2,1,-22.25
Cortes Jr., Nestor,641482,2021,22,93,374,345,75,46,14,1,14,103,25,30,32,0,0,2,3,2,203.75
Dunning, Dane,641540,2021,27,117.2,511,459,126,83,29,1,13,114,43,59,61,0,0,5,10,7,63
Duplantier, Jon,641541,2021,4,13,70,59,19,11,3,0,5,12,8,19,19,0,0,0,3,2,-81.25
Foster, Matt,641582,2021,37,39,174,157,43,29,5,0,9,40,13,26,27,1,1,2,1,2,1.25
Greene, Conner,641632,2021,24,25.1,121,104,32,22,9,0,1,26,12,20,20,0,4,1,3,3,-62.25
Hatch, Thomas,641672,2021,3,9.1,45,38,11,5,4,0,2,8,6,7,7,0,0,0,1,1,-23.5
Hendrix, Ryan,641682,2021,36,31.2,142,123,33,18,6,1,8,35,16,21,23,0,1,5,1,1,33
Honeywell Jr., Brent,641703,2021,3,4.1,21,18,5,3,0,0,2,4,3,4,4,0,0,0,0,0,-13.5
Hudson, Dakota,641712,2021,2,8.2,34,32,7,5,2,0,0,6,1,2,2,0,0,1,0,1,24.25
Jefferies, Daulton,641726,2021,5,15,58,53,11,5,5,0,1,8,4,6,6,0,0,1,0,1,13.75
Jimenez, Joe,641729,2021,52,45.1,210,165,34,17,10,1,6,57,35,30,33,1,1,6,1,8,30.25
Kay, Anthony,641743,2021,11,33.2,156,135,38,21,9,1,7,39,18,21,22,0,0,1,2,3,-12
Keller, Brad,641745,2021,26,133.2,613,532,158,111,27,2,18,120,64,80,89,0,0,8,12,7,-42
Kinley, Tyler,641755,2021,70,70.1,295,264,59,34,9,4,12,68,26,37,37,0,4,3,2,2,29
Kuhl, Chad,641771,2021,28,80.1,349,290,73,43,17,0,13,75,42,43,50,0,2,5,7,9,4
Lauer, Eric,641778,2021,24,118.2,489,438,94,65,12,1,16,117,41,42,46,0,0,7,5,2,240.5
Littell, Zack,641793,2021,63,61.2,252,222,46,25,12,2,7,63,24,20,24,2,4,4,0,2,125.5
Mahle, Tyler,641816,2021,33,180,759,674,158,100,31,3,24,210,64,75,78,0,0,13,6,10,380
Mayza, Tim,641835,2021,61,53,210,194,40,31,3,1,5,57,12,20,21,1,3,5,2,3,137.5
McGowin, Kyle,641851,2021,27,30,128,112,21,12,4,0,5,35,14,14,14,0,0,0,0,2,26.25
Middleton, Keynan,641871,2021,32,31,140,119,30,20,8,0,2,24,19,17,20,4,0,1,2,2,0
Murphy, Patrick,641907,2021,25,28,128,114,31,21,7,0,3,29,10,16,18,0,0,0,3,4,-11.25
Ober, Bailey,641927,2021,20,92.1,379,356,92,53,16,3,20,96,19,43,45,0,0,3,3,1,127.75
Pagan, Emilio,641941,2021,67,63.1,263,242,56,21,18,1,16,69,18,34,35,0,5,4,3,2,59
Reed, Cody,642003,2021,12,9.2,42,34,8,6,1,0,1,7,6,4,5,0,0,0,1,1,-7
Rogers, Josh,642028,2021,6,35.2,151,133,32,20,5,0,7,22,14,13,13,0,0,2,2,2,23
Saucedo, Tayler,642048,2021,29,25.2,109,96,22,12,9,0,1,19,10,13,14,0,2,0,0,2,-24.5
Sheffield, Jordan,642068,2021,30,29.1,116,100,19,15,2,0,2,20,13,11,11,0,0,0,0,2,6.5
Sherfy, James,642073,2021,14,15,63,55,12,9,0,0,3,12,4,7,8,0,0,2,1,2,27.5
Slegers, Aaron,642083,2021,29,31,149,132,43,26,11,0,6,25,15,24,24,0,2,2,2,1,-61.25
Smith, Riley,642092,2021,24,67.1,301,279,86,48,26,2,10,36,15,45,46,1,0,1,4,4,-103.5
Speier, Gabe,642100,2021,7,7.2,33,32,10,10,0,0,0,5,0,1,3,0,0,0,0,1,10.5
Sulser, Cole,642121,2021,60,63.1,257,232,48,33,9,1,5,73,23,19,20,8,3,5,4,0,221.5
Taylor, Blake,642130,2021,51,42.2,188,163,38,23,9,0,6,41,22,15,19,0,5,4,4,0,49.25
Trivino, Lou,642152,2021,71,73.2,310,268,58,43,10,0,5,67,34,26,32,22,4,7,8,4,253
Widener, Taylor,642203,2021,23,70.1,319,270,65,35,16,0,14,73,37,34,38,0,0,2,1,7,21.5
Williams, Devin,642207,2021,58,54,226,194,36,26,4,1,5,87,28,15,17,3,3,8,2,2,257.5
Yarbrough, Ryan,642232,2021,30,155,653,610,163,99,37,2,25,117,27,88,96,0,0,9,7,9,58.75
Yardley, Eric,642233,2021,17,18.2,89,74,24,13,8,0,3,5,10,14,15,0,1,0,0,3,-80.75
Mejia, Francisco,642336,2021,2,2,14,12,6,4,0,1,1,0,0,6,6,0,0,0,0,2,-37.5
Soto, Gregory,642397,2021,62,63.2,276,232,46,32,7,0,7,76,40,24,30,18,1,6,3,1,249.25
Loaisiga, Jonathan,642528,2021,57,70.2,283,260,56,46,6,1,3,69,16,17,19,5,4,9,4,3,264.25
Barria, Jaime,642545,2021,13,56.2,250,228,70,48,14,0,8,35,19,29,29,0,0,2,4,2,-32
Peralta, Freddy,642547,2021,28,144.1,580,510,84,45,23,2,14,195,56,45,47,0,0,10,5,11,475.25
Santana, Dennis,642701,2021,55,54.2,237,200,48,37,6,1,4,46,32,26,31,0,3,2,4,3,-20.75
Acevedo, Domingo,642758,2021,10,11,44,40,9,5,1,0,3,9,4,4,4,0,0,0,0,0,8.75
Fernandez, Julian,642759,2021,6,6.2,33,29,9,5,2,0,2,4,4,8,8,0,0,0,0,0,-35.75
Guerra, Javy,642770,2021,4,3.2,18,16,4,3,1,0,0,3,2,2,2,0,0,0,0,0,-4.5
Brault, Steven,643230,2021,7,27.2,127,113,33,19,7,4,3,19,12,18,18,0,0,0,3,1,-48.25
Cimber, Adam,643256,2021,72,71.2,286,261,61,47,10,2,2,51,16,18,24,1,1,3,4,7,119.25
Dunn, Justin,643290,2021,11,50.1,218,184,37,26,4,1,6,49,29,21,21,0,0,1,3,4,26.5
Fry, Paul,643316,2021,52,47.1,215,174,37,31,3,0,3,60,35,32,34,2,2,4,5,4,14
Godley, Zack,643327,2021,2,3.1,21,14,4,2,0,0,2,5,5,6,7,0,1,0,1,1,-36
Green, Chad,643338,2021,67,83.2,315,295,57,29,13,1,14,99,17,29,32,6,6,10,7,0,321.75
Jax, Griffin,643377,2021,18,82,360,320,82,38,21,0,23,65,29,58,62,0,0,4,5,5,-60
Knight, Dusten,643400,2021,7,8.2,44,38,11,6,4,0,1,11,5,9,10,0,0,0,0,0,-23.25
Pruitt, Austin,643493,2021,6,7.1,29,28,7,4,1,0,2,5,0,3,3,0,0,0,1,1,4
Rogers, Tyler,643511,2021,80,81,326,305,74,58,11,0,5,55,13,20,23,13,6,7,1,5,233.75
Zeuch, T.J.,643615,2021,5,15,74,65,21,10,5,0,6,8,9,11,16,0,0,0,2,0,-46.25
Webb, Tyler,643778,2021,22,16.1,92,71,22,15,6,0,1,14,19,24,26,0,0,0,0,0,-119.75
Alcantara, Sandy,645261,2021,33,205.2,837,768,171,107,40,3,21,201,50,73,85,0,0,9,15,10,399.25
Diaz, Jhonathan,646242,2021,3,13,59,50,11,6,4,0,1,9,7,6,6,0,0,1,0,1,3.75
Pop, Zach,647315,2021,50,54.2,246,213,54,39,10,2,3,51,24,25,29,0,1,1,0,8,-3.25
Wells, Alexander,649144,2021,11,42.2,197,177,53,35,7,1,10,26,16,32,32,0,0,2,3,3,-78.25
Madero, Luis,650347,2021,6,12,56,47,13,2,6,2,3,4,8,12,12,0,0,0,0,1,-58.75
Hernandez, Darwinzon,650382,2021,48,40,182,143,29,19,5,0,5,54,31,15,17,0,4,2,2,5,33.75
Mejia, J.C.,650496,2021,17,52.1,238,210,60,33,14,0,13,47,24,48,48,0,0,1,7,3,-122.25
Garcia, Bryan,650530,2021,39,39.1,192,163,48,26,12,0,10,32,25,33,38,2,1,3,2,2,-71
Abreu, Bryan,650556,2021,31,36,161,138,35,22,9,0,4,36,18,23,26,1,4,3,3,3,-12.5
King, Michael,650633,2021,22,63.1,275,242,57,40,11,0,6,62,24,25,29,0,0,2,4,6,66.5
Civale, Aaron,650644,2021,21,124.1,498,458,108,63,18,4,23,99,31,53,56,0,0,12,5,4,220.25
Mejia, Humberto,650668,2021,5,22.1,105,94,32,11,13,3,5,20,9,18,19,0,0,0,3,0,-47.25
Quijada, Jose,650671,2021,26,25.2,110,94,20,13,5,0,2,38,15,13,14,0,0,0,2,1,28
Santana, Edgar,650828,2021,41,42.2,175,162,37,26,4,0,7,33,12,17,20,0,0,3,0,0,64.25
Cabrera, Genesis,650893,2021,71,70,296,249,52,33,16,0,3,77,36,29,31,0,3,4,5,5,86.25
Castillo, Diego,650895,2021,61,58.1,233,206,40,25,6,0,9,75,17,18,23,16,6,5,5,5,262.75
Sanchez, Cristopher,650911,2021,7,12.2,59,50,16,11,4,0,1,13,7,7,8,0,0,1,0,0,3
Diplan, Marcos,650959,2021,23,30,123,107,22,12,4,0,6,24,15,15,16,0,0,2,0,0,20
Rodriguez, Manuel,655889,2021,20,17.2,83,70,18,11,4,0,3,16,12,12,18,1,1,3,3,1,5.5
Abreu, Albert,656061,2021,28,36.2,156,131,27,13,6,0,8,35,19,21,21,1,0,2,0,3,15.5
Barnes, Charlie,656212,2021,9,38,175,152,46,31,11,0,4,20,16,25,27,0,0,0,3,4,-87.5
Bielak, Brandon,656232,2021,28,50,218,189,48,34,9,0,5,46,21,25,29,1,1,3,4,3,32.5
Blewett, Scott,656240,2021,3,5,21,16,3,1,2,0,0,4,5,1,1,0,0,0,0,0,1.25
Bukauskas, J.B.,656266,2021,21,17.1,81,72,24,15,4,1,4,14,7,15,19,0,1,2,2,0,-26
Canning, Griffin,656288,2021,14,62.2,277,246,65,37,12,2,14,62,28,39,41,0,0,5,4,1,24.25
Carlton, Drew,656290,2021,4,3.2,19,14,6,3,2,0,1,1,4,2,2,0,0,0,0,0,-17
Cease, Dylan,656302,2021,32,165.2,708,623,139,94,22,3,20,226,68,72,77,0,0,13,7,9,414.25
Coonrod, Sam,656322,2021,42,42.1,185,166,41,30,6,0,5,48,15,19,21,2,4,2,2,3,46.5
Davidson, Tucker,656353,2021,4,20,83,73,15,9,2,1,3,18,8,8,8,0,0,0,0,0,16.25
Davis, Austin,656354,2021,29,26.1,117,102,24,14,4,2,4,28,12,15,17,0,3,1,2,1,-8.5
Feyereisen, J.P.,656420,2021,55,56,234,197,36,21,8,2,5,53,33,17,23,3,3,4,4,0,110
Flaherty, Jack,656427,2021,17,78.1,322,286,57,34,11,0,12,85,26,28,35,0,0,9,2,6,229
Gilbert, Tyler,656457,2021,9,40,157,140,28,17,6,1,4,25,13,14,17,0,0,2,2,1,47.5
Gilbreath, Lucas,656458,2021,47,42.2,185,159,33,24,4,0,5,44,23,16,18,1,0,3,2,1,78
Ginkel, Kevin,656464,2021,32,28.1,129,112,30,14,8,1,7,31,14,20,24,0,1,0,1,2,-36
Hentges, Sam,656529,2021,30,68.2,318,283,90,61,19,0,10,68,32,51,54,0,0,1,4,0,-94.5
Hoffman, Jeff,656546,2021,31,73,335,282,70,42,15,1,12,79,45,37,41,0,0,3,5,5,20
Holloway, Jordan,656548,2021,13,36,158,130,23,12,7,1,3,36,26,16,19,0,0,2,3,0,31.25
Houck, Tanner,656557,2021,18,69,285,256,57,43,9,1,4,87,21,27,32,1,0,1,5,6,135
Jackson, Andre,656578,2021,3,11.2,50,42,10,6,3,0,1,10,6,3,3,1,0,0,1,0,16.75
Keller, Mitch,656605,2021,23,100.2,470,407,131,90,29,2,10,92,49,69,69,0,0,5,11,7,-105.75
Klobosits, Gabe,656620,2021,11,11.1,52,46,13,10,3,0,0,5,5,7,8,0,0,0,1,1,-26
Kopech, Michael,656629,2021,44,69.1,285,257,54,34,7,4,9,103,24,27,27,0,1,4,3,1,209
Lange, Alex,656638,2021,36,35.2,162,143,37,25,6,1,5,39,16,16,18,1,3,1,3,3,11.75
Latz, Jake,656641,2021,1,4.2,19,19,5,2,0,0,3,4,0,3,3,0,0,0,1,0,-0.75
Martin, Brett,656685,2021,66,62.1,264,246,67,52,10,0,5,42,14,22,31,0,2,4,4,0,69
Martin, Corbin,656686,2021,5,16,86,68,23,12,5,1,5,13,14,19,19,0,0,0,3,1,-88.75
McRae, Alex,656725,2021,2,2,10,9,3,3,0,0,0,1,1,1,1,0,0,0,0,0,-3.75
Megill, Trevor,656730,2021,28,23.2,115,105,36,22,6,1,7,30,8,22,24,0,0,1,2,1,-32
Megill, Tylor,656731,2021,18,89.2,379,345,88,54,14,1,19,99,27,45,46,0,0,4,6,2,113
Montgomery, Jordan,656756,2021,30,157.1,661,600,150,110,21,0,19,162,51,67,73,0,0,6,7,2,217.75
Nelson, Nick,656793,2021,11,14.1,78,57,15,7,7,1,0,22,16,14,16,0,1,0,2,3,-52.25
Newcomb, Sean,656794,2021,32,32.1,150,119,28,19,7,1,1,43,27,17,17,1,1,2,0,2,20.25
Norwood, James,656803,2021,5,5,23,20,6,5,1,0,0,3,3,0,0,0,1,0,0,0,-1.25
Overton, Connor,656818,2021,9,15.1,63,56,14,9,3,0,2,15,5,8,8,0,0,0,1,0,5.25
Peterson, David,656849,2021,15,66.2,287,251,64,37,15,1,11,69,29,41,44,0,0,2,6,5,-7
Rasmussen, Drew,656876,2021,35,76,307,280,57,40,10,2,5,73,25,24,27,1,0,4,1,0,175
Reid-Foley, Sean,656887,2021,12,20.2,92,83,22,14,5,0,3,26,9,12,15,0,0,2,1,0,30.5
Scott, Tanner,656945,2021,62,54,251,205,48,37,4,1,6,70,37,31,34,0,2,5,4,6,37.5
Sheffield, Justus,656954,2021,21,80.1,385,332,105,67,24,0,14,63,43,61,69,0,0,7,8,5,-111
Smeltzer, Devin,656970,2021,1,4.2,17,13,1,1,0,0,0,3,1,0,1,0,0,0,0,2,9.25
Solomon, Peter,656981,2021,6,14,55,46,10,8,1,1,0,10,8,2,2,0,0,1,0,0,30
Steele, Justin,657006,2021,20,57,248,215,50,30,8,0,12,59,27,27,29,0,0,4,4,5,62.5
Swanson, Erik,657024,2021,33,35.1,144,132,28,16,4,3,5,35,10,13,18,1,2,0,3,1,41.5
Taylor, Josh,657031,2021,61,47.2,209,183,45,35,8,0,2,60,23,18,18,1,1,1,0,3,69.25
Thompson, Ryan,657044,2021,36,34,134,123,26,14,8,1,3,37,9,9,11,0,4,3,2,2,85
Toussaint, Touki,657053,2021,11,50,216,184,43,26,6,0,11,48,22,25,28,0,0,3,3,6,33.75
Watkins, Spenser,657093,2021,16,54.2,255,230,74,41,17,2,14,35,19,49,50,0,0,2,7,2,-142
Webb, Jacob,657097,2021,34,34.1,153,136,38,26,6,2,4,33,14,16,22,1,2,5,4,1,59
Wright, Kyle,657140,2021,2,6.1,35,24,7,3,2,0,2,6,5,7,7,0,0,0,1,4,-36
Yamamoto, Jordan,657141,2021,2,6.2,33,29,10,9,1,0,0,3,2,3,6,0,0,1,1,2,-2
Jewell, Jake,657228,2021,10,10,51,46,18,11,2,0,5,10,5,11,12,0,0,0,2,0,-40
Merryweather, Julian,657240,2021,13,13,55,49,13,9,0,0,4,12,4,7,7,2,0,0,1,1,11.25
Otto Jr., Glenn,657248,2021,6,23.1,111,100,32,21,7,2,2,28,8,24,24,0,0,0,3,2,-57.25
Webb, Logan,657277,2021,27,148.1,596,546,128,95,22,2,9,158,36,50,53,0,0,11,3,8,382.75
Schmidt, Clarke,657376,2021,2,6.1,38,31,11,8,2,0,1,6,5,4,8,0,0,0,0,1,-18.5
Baumann, Mike,657508,2021,4,10,50,43,13,6,5,0,2,5,6,11,12,0,0,1,1,1,-38.75
Hildenberger, Trevor,657610,2021,2,2.1,14,10,3,2,0,0,1,4,3,4,4,0,0,0,0,1,-18.5
Hill, Tim,657612,2021,78,59.2,255,222,51,35,6,1,9,56,23,24,34,1,5,6,6,6,81.75
James, Josh,657624,2021,5,5,21,19,4,1,2,0,1,8,2,3,3,0,0,0,0,0,7.5
Ryan, Joe,657746,2021,5,26.2,100,95,16,7,5,0,4,30,5,12,12,0,0,2,1,0,73
Seabold, Connor,657756,2021,1,3,12,10,3,1,1,0,1,0,2,2,2,0,0,0,0,0,-11.25
Garcia, Edgar,658305,2021,11,14.2,72,63,19,8,5,1,5,12,8,20,22,0,1,0,1,1,-87
Medina, Adonis,658431,2021,4,7.2,36,29,9,6,3,0,0,6,4,3,3,0,0,0,0,3,-10.75
Fernandez, Junior,658551,2021,18,20.2,97,82,25,17,6,0,2,15,15,13,13,0,0,1,0,0,-33.25
Avila, Pedro,658648,2021,1,4,20,17,4,3,0,0,1,5,3,1,2,0,0,0,1,0,5
Lamet, Dinelson,659275,2021,22,47,209,183,48,32,10,0,6,57,22,23,24,0,0,2,4,2,50
Ohtani, Shohei,660271,2021,23,130.1,533,473,98,60,23,0,15,156,44,46,48,0,0,9,2,10,340.25
Yang, Hyeon-Jong,660365,2021,12,35.1,160,142,42,27,5,1,9,25,16,22,24,0,0,0,3,1,-54.75
Guzman, Jorge,660422,2021,2,1.2,15,9,4,3,1,0,0,3,6,6,6,0,0,0,0,0,-39.5
Diaz, Yennsy,660546,2021,20,25,112,98,25,17,2,1,5,21,12,15,16,0,0,0,2,1,-23.75
Paredes, Enoli,660600,2021,12,8.2,53,33,7,5,2,0,0,15,17,6,10,0,0,0,0,2,-28.25
Ynoa, Huascar,660623,2021,18,91,372,340,76,40,20,2,14,100,25,41,42,0,0,4,6,4,155
Suarez, Jose,660761,2021,23,98.1,413,369,85,51,23,0,11,85,36,41,45,0,0,8,8,4,146.5
Graterol, Brusdar,660813,2021,34,33.1,150,131,34,21,11,0,2,27,13,17,18,0,2,3,0,5,2.75
Bazardo, Eduard,660825,2021,2,3,12,10,1,0,1,0,0,3,2,0,0,0,0,0,0,0,8.75
De Los Santos, Enyel,660853,2021,33,35.1,173,148,43,23,12,0,8,48,18,25,32,0,2,2,1,4,-13.5
Alcala, Jorge,660896,2021,59,59.2,229,210,45,30,5,0,10,61,13,26,29,1,4,3,6,2,95.5
Perez, Francisco,660906,2021,4,6.2,28,24,6,5,1,0,0,5,3,3,3,0,0,0,0,0,-2
Lopez, Yoan,661255,2021,13,12.1,61,54,18,10,4,1,3,13,6,9,10,0,3,0,0,0,-38.5
Gutierrez, Vladimir,661269,2021,22,114,496,437,115,67,26,2,20,88,46,60,61,0,0,9,6,4,48.75
Ortega, Oliver,661383,2021,8,9.1,39,36,12,10,1,0,1,4,2,5,5,0,0,1,0,1,-2.25
Clase, Emmanuel,661403,2021,71,69.2,279,262,51,44,4,1,2,74,16,10,18,24,5,4,5,0,373
Llovera, Mauricio,661440,2021,6,6.2,35,30,10,5,0,0,5,7,4,7,7,0,0,1,0,1,-14.5
Martinez, Seth,661527,2021,3,3,16,13,5,3,2,0,0,3,3,5,5,0,0,0,0,0,-23.75
Gil, Luis,661563,2021,6,29.1,129,109,20,15,1,0,4,38,19,10,11,0,0,1,1,1,55.25
Burrows, Beau,663366,2021,6,11,58,44,16,5,5,1,5,8,10,17,18,0,0,0,1,0,-82.5
Feltner, Ryan,663372,2021,2,6.1,33,26,9,5,1,0,3,6,5,8,8,0,0,0,1,1,-36
Szapucki, Thomas,663378,2021,1,3.2,20,17,7,3,2,0,2,4,3,6,6,0,0,0,0,0,-28.25
Waddell, Brandon,663399,2021,9,9.1,51,42,14,6,6,0,2,7,9,7,8,0,0,0,1,0,-34.75
Thornton, Trent,663423,2021,37,49,216,194,54,29,12,1,12,52,16,26,33,0,0,1,3,4,17.5
Rainey, Tanner,663432,2021,38,31.2,151,122,29,16,5,2,6,42,25,26,27,3,3,1,3,3,-40.75
Bubic, Kris,663460,2021,29,130,556,487,121,73,23,3,22,114,59,64,67,0,0,6,7,7,48.75
Allard, Kolby,663465,2021,32,124.2,534,496,128,81,16,2,29,104,31,75,80,0,0,3,12,4,-14.5
McKenzie, Triston,663474,2021,25,120,495,433,84,44,19,0,21,136,58,66,66,0,0,5,9,3,115
Allen, Logan,663531,2021,14,50.1,222,199,58,37,9,0,12,37,17,35,39,0,0,2,7,4,-57.25
Mize, Casey,663554,2021,30,150.1,612,555,130,81,20,5,24,118,41,62,64,0,0,7,9,11,155.25
McClanahan, Shane,663556,2021,25,123.1,517,476,120,83,23,0,14,141,37,47,49,0,0,10,6,2,302.75
Moran, Jovani,663558,2021,5,8,38,31,9,8,1,0,0,10,7,7,7,0,0,0,0,0,-18.75
Falter, Bailey,663559,2021,22,33.2,139,130,34,24,4,1,5,34,6,21,21,0,0,2,1,2,25.5
Lambert, Peter,663567,2021,2,5.2,30,28,12,8,2,0,2,3,2,7,7,0,0,0,0,0,-34.5
Santillan, Tony,663574,2021,26,43.1,190,157,34,21,4,2,7,56,21,14,15,0,0,1,3,7,77.75
Neidert, Nick,663734,2021,8,35.2,157,126,31,19,8,0,4,21,23,18,18,0,0,1,2,5,-45.75
Lynch, Daniel,663738,2021,15,68,311,271,80,54,15,2,9,55,31,43,46,0,0,4,6,4,-45
Knehr, Reiss,663753,2021,12,29,129,104,23,13,7,1,2,20,20,16,16,0,0,1,2,2,-28.75
Woodford, Jake,663765,2021,26,67.2,293,253,66,46,11,2,7,50,25,30,32,0,0,3,4,8,15.5
Evans, Demarcus,663770,2021,25,26.1,120,101,24,14,6,0,4,33,16,15,16,0,2,0,2,1,-12.25
Sandoval, Patrick,663776,2021,17,87,363,321,69,50,6,2,11,94,36,35,38,1,0,3,6,4,135
Kowar, Jackson,663804,2021,9,30.1,154,128,43,25,11,0,7,29,20,38,38,0,0,0,6,2,-151
Hicks, Jordan,663855,2021,10,10,44,34,5,3,1,1,0,10,10,6,6,0,0,0,0,0,-11.25
Pearson, Nate,663878,2021,12,15,71,59,14,10,1,1,2,20,12,7,8,0,0,1,1,0,17.5
Singer, Brady,663903,2021,27,128.1,586,519,146,108,21,3,14,131,53,70,81,0,0,5,10,11,17.75
Ivey, Tyler,663959,2021,1,4.2,20,19,6,4,1,0,1,3,1,4,4,0,0,0,0,0,-12
Paddack, Chris,663978,2021,23,108.1,459,427,115,74,22,4,15,99,22,61,67,0,1,7,7,1,92.75
Stephan, Trevor,663986,2021,43,63.1,282,247,58,30,13,0,15,75,31,31,32,1,0,3,1,3,76.5
Lovelady, Richard,663992,2021,20,20.2,84,76,16,12,1,0,3,23,6,8,9,1,0,2,0,1,61.75
Lakins Sr., Travis,664042,2021,24,28,123,104,23,17,2,0,4,24,17,18,20,0,1,1,4,1,-27.5
Eshelman, Thomas,664045,2021,9,27.2,126,114,34,19,9,0,6,11,10,22,22,0,0,0,3,1,-84.5
Stashak, Cody,664054,2021,15,15.2,75,62,16,10,4,0,2,26,10,12,12,0,0,0,0,1,-4.5
Gonsolin, Tony,664062,2021,15,55.2,239,203,41,23,10,0,8,65,34,20,20,0,0,4,1,0,114.25
Ponce, Cody,664074,2021,15,38.1,179,163,56,29,18,1,8,36,11,30,34,0,0,0,6,1,-64.75
Cleavinger, Garrett,664076,2021,22,18,84,69,20,14,2,0,4,21,12,6,11,0,1,2,4,1,28.75
Poppen, Sean,664092,2021,24,22.2,110,98,31,23,3,3,2,26,9,13,18,1,0,1,1,3,5.5
Effross, Scott,664123,2021,14,14.2,58,52,13,8,3,0,2,18,1,6,6,0,1,2,1,3,43
Fairbanks, Pete,664126,2021,47,42.2,189,166,40,30,7,1,2,56,21,17,22,5,2,3,6,1,111.75
Hartlieb, Geoff,664129,2021,7,9,50,36,10,5,5,0,0,9,11,11,11,0,0,0,0,3,-57.5
Gibaut, Ian,664139,2021,3,6.2,28,25,7,4,1,0,2,4,2,2,2,0,0,0,0,1,-0.75
Brubaker, JT,664141,2021,24,124.1,538,485,123,71,22,2,28,129,38,74,75,0,0,5,13,9,54
Bergen, Travis,664157,2021,10,10.2,46,36,5,3,1,0,1,6,8,2,2,0,1,2,0,2,18
Lucchesi, Joey,664192,2021,11,38.1,157,139,34,20,8,2,4,41,11,19,20,0,0,1,4,2,40.25
Anderson, Tanner,664196,2021,1,5,19,19,5,5,0,0,0,1,0,2,2,0,0,0,0,0,-1.25
Clarke, Taylor,664199,2021,43,43.1,194,179,52,34,14,0,4,39,14,24,28,0,1,1,3,0,-8.5
Maton III, Phil,664208,2021,65,66.2,297,254,65,36,21,2,6,85,32,35,36,0,4,6,0,6,76.75
Valdez, Framber,664285,2021,22,134.2,572,501,110,81,16,1,12,125,58,47,52,0,0,11,6,11,240.5
Moreta, Dauri,664294,2021,4,3.2,14,13,2,1,0,0,1,4,1,1,1,0,0,0,0,0,8
Javier, Cristian,664299,2021,36,101.1,424,361,67,39,11,1,16,130,53,40,41,2,2,4,1,7,194
Yajure, Miguel,664337,2021,4,15,68,60,17,6,5,0,6,11,7,14,14,0,0,0,2,1,-46.25
Urquidy, Jose,664353,2021,20,107,423,399,87,48,20,2,17,90,19,43,43,0,0,8,3,2,216.25
Romero, Jhon,664584,2021,5,4,17,16,5,2,2,1,0,3,0,2,2,0,0,0,0,0,1.25
Meisinger, Ryan,664682,2021,7,7.1,38,31,11,8,1,0,2,6,5,10,10,0,0,0,0,0,-43.5
Newsome, Ljay,664714,2021,7,14.2,69,63,20,10,5,0,5,16,3,13,14,0,0,1,1,0,-9.5
Cousins, Jake,664776,2021,30,30,125,101,16,11,2,0,3,44,19,9,9,0,0,1,0,4,75
Flaa, Jay,664852,2021,2,2.2,13,10,3,1,0,0,2,3,3,4,4,0,0,0,0,0,-18.25
Helsley, Ryan,664854,2021,51,47.1,206,176,40,28,8,0,4,47,27,24,24,1,2,6,4,0,66.5
Lawrence, Justin,664875,2021,19,16.2,86,63,21,16,5,0,0,17,19,16,16,0,1,1,0,0,-64.5
Keller, Kyle,664918,2021,32,33.1,155,128,30,15,5,1,9,36,22,24,27,0,0,1,1,5,-39.75
Misiewicz, Anthony,664948,2021,66,54.2,236,218,61,42,12,0,7,53,15,28,30,0,5,5,5,1,43
Kremer, Dean,665152,2021,13,53.2,245,216,63,33,13,0,17,47,25,45,46,0,0,0,7,1,-118.25
Garcia, Deivi,665620,2021,2,8.1,38,32,8,2,4,1,1,7,4,6,7,0,0,0,2,1,-14.75
Garcia, Rony,665621,2021,2,3.2,12,10,1,0,0,0,1,2,2,1,1,0,1,0,0,0,-4.5
Peguero, Elvis,665625,2021,3,2.1,17,13,7,3,4,0,0,0,3,7,7,0,0,0,1,1,-48.5
Castro, Kervin,665645,2021,10,13.1,56,50,13,11,2,0,0,13,4,0,1,0,0,1,1,0,51.5
Spitzbarth, Shea,665661,2021,5,5,22,19,4,3,0,0,1,1,2,2,2,0,0,0,0,1,-7.5
Sanmartin, Reiver,665665,2021,2,11.2,47,45,12,8,4,0,0,11,2,2,2,0,0,2,0,0,50.5
Santos, Antonio,665733,2021,7,11.1,46,41,9,5,3,0,1,10,5,6,7,0,0,0,1,0,-1
Rosso, Ramon,665759,2021,7,8,35,32,10,7,1,0,2,7,3,5,6,0,0,0,0,0,-7.5
Cabrera, Edward,665795,2021,7,26.1,120,97,24,12,5,1,6,28,19,17,20,0,0,0,3,4,-37.25
Oviedo, Luis,665854,2021,22,29.2,147,117,33,20,8,1,4,31,26,29,32,0,0,1,2,2,-93.25
Marte, Jose,665896,2021,4,4,18,15,4,2,1,0,1,5,3,4,5,0,1,0,1,0,-16.25
Anderson, Ian,666120,2021,24,128.1,535,475,105,66,23,0,16,124,53,51,51,0,0,9,5,1,221.5
Garrett, Braxton,666129,2021,8,34,159,132,42,31,8,0,3,32,20,19,20,0,0,1,2,2,-25
Manning, Matt,666159,2021,18,85.1,385,344,96,61,23,2,10,57,33,55,59,0,0,4,7,3,-79.75
Thompson, Mason,666168,2021,31,24.2,121,103,32,23,5,0,4,23,15,11,15,0,3,1,3,1,-23.25
Luzardo, Jesus,666200,2021,25,95.1,437,378,106,58,24,4,20,98,48,70,73,0,0,6,9,4,-54.75
Manoah, Alek,666201,2021,20,111.2,459,401,77,52,13,0,12,127,40,40,44,0,0,9,2,16,271.75
Muller, Kyle,666205,2021,9,36.2,155,129,26,18,6,0,2,37,20,17,17,0,0,2,4,2,35.5
Santos, Gregory,666619,2021,3,2,13,11,5,2,0,0,3,3,2,5,6,0,0,0,2,0,-23.75
Doval, Camilo,666808,2021,29,27,109,99,19,13,2,0,4,37,9,9,10,3,3,5,1,1,128.75
Frias, Luis,666818,2021,3,3.1,16,10,2,1,1,0,0,3,5,1,1,0,0,0,0,0,-4.75
Nance, Tommy,667297,2021,27,28.2,127,110,25,15,4,1,5,30,13,23,23,0,0,1,1,3,-28.25
Sanchez, Miguel,667376,2021,28,26,120,101,27,17,6,0,4,23,14,12,14,0,1,2,1,2,7.5
King, John,667463,2021,27,46,193,176,41,31,6,1,3,40,12,18,24,0,1,7,5,4,115
Fletcher, Aaron,667465,2021,4,3.2,20,19,7,5,1,0,1,2,1,5,5,0,0,0,0,0,-23.25
Dugger, Robert,667498,2021,12,25.2,121,105,34,22,6,2,4,19,12,21,24,0,0,0,2,1,-69.5
Tyler, Kyle,667725,2021,5,12.1,52,42,8,6,1,0,1,6,6,4,4,0,0,0,0,2,-4.75
Nogosek, Stephen,668665,2021,1,3,12,12,3,1,0,0,2,5,0,2,2,0,0,0,1,0,6.25
Plesac, Zach,668676,2021,25,142.2,598,552,137,80,33,1,23,100,34,74,79,0,0,10,6,7,86.75
Gallen, Zac,668678,2021,23,121.1,523,463,108,65,22,2,19,139,49,58,61,0,0,4,10,5,140.25
Scrubb, Andre,668687,2021,18,19.2,86,70,15,9,1,0,5,21,14,11,11,0,2,1,1,0,-8.25
Kranick, Max,668820,2021,9,38.2,182,156,47,29,14,0,4,32,19,27,28,0,0,2,3,4,-50.75
Romero, JoJo,668941,2021,11,9,44,39,12,6,2,0,4,8,4,7,8,0,0,0,0,1,-20
Crouse, Hans,668968,2021,2,7,32,24,4,2,0,0,2,2,7,4,4,0,0,0,2,0,-20
Wilson, Bryse,669060,2021,16,74,322,293,85,52,18,0,15,46,22,44,45,0,0,3,7,1,-46.25
Sceroler, Mac,669135,2021,5,7.2,48,40,15,4,5,0,6,11,7,12,15,0,0,0,0,1,-53.25
Zimmermann, Bruce,669145,2021,14,64.1,285,258,75,51,10,0,14,56,22,36,37,0,0,4,5,2,16.5
May, Dustin,669160,2021,5,23,93,86,16,10,2,0,4,35,6,7,8,0,0,1,1,1,85
Heasley, Jon,669169,2021,3,14.2,59,54,15,7,5,0,3,6,3,8,8,0,0,1,1,2,-8.25
Burnes, Corbin,669203,2021,28,167,657,612,123,96,17,3,7,234,34,45,47,0,0,11,5,6,661.25
Akin, Keegan,669211,2021,24,95,427,379,110,70,21,2,17,82,40,70,70,0,0,2,10,2,-125
Morgan, Eli,669212,2021,18,89.1,379,348,90,46,24,0,20,81,22,53,54,0,0,5,7,4,45.25
Menez, Conner,669214,2021,8,14,62,58,16,10,3,1,2,15,3,6,10,0,0,1,0,0,27.5
Campbell, Paul,669294,2021,16,26.2,124,111,32,21,5,1,5,26,10,19,24,0,0,2,3,2,-9.5
Gilbert, Logan,669302,2021,24,119.1,503,464,112,63,30,2,17,128,28,62,63,0,0,6,5,6,157.75
Wells, Tyler,669330,2021,44,57,224,208,40,24,5,2,9,65,12,26,27,4,3,2,3,1,123.75
Baz, Shane,669358,2021,3,13.1,49,46,6,2,1,0,3,18,3,3,3,0,0,2,0,0,72.75
Skubal, Tarik,669373,2021,31,149.1,634,576,141,78,28,0,35,164,47,72,76,0,0,8,12,6,214
Coleman, Dylan,669395,2021,5,6.1,25,24,5,4,0,1,0,7,1,1,1,0,0,0,0,0,19
Lambert, Jimmy,669424,2021,4,13,60,51,16,10,3,0,3,10,6,9,9,0,0,1,1,2,-15
Rogers, Trevor,669432,2021,25,133,550,490,107,70,31,0,6,157,46,39,46,0,0,7,8,5,356.25
Bieber, Shane,669456,2021,16,96.2,405,367,84,54,18,1,11,134,33,34,36,0,0,7,4,4,295.5
Nelson, Kyle,669459,2021,10,9.2,49,39,10,8,2,0,0,8,8,10,10,0,0,0,0,2,-44.5
Barlow, Joe,669618,2021,31,29,111,97,12,7,3,0,2,27,12,5,9,11,1,0,2,0,132.5
Bender, Anthony,669622,2021,60,61.1,247,217,45,26,12,2,5,71,20,19,22,3,2,3,2,6,157.75
Long, Sammy,669674,2021,12,40.2,176,156,37,21,10,1,5,38,15,25,27,0,0,2,1,3,4.25
Rodriguez, Chris,669735,2021,15,29.2,134,115,28,20,8,0,0,29,15,12,14,0,1,2,1,4,21.75
Snead, Kirby,669912,2021,7,7.2,30,27,7,5,2,0,0,7,2,2,3,0,0,0,1,1,9.25
Alexy, A.J.,669935,2021,5,23,97,78,13,7,2,0,4,17,17,12,12,0,0,3,1,1,16.25
White, Mitch,669952,2021,21,46.2,197,177,38,25,7,0,6,49,17,19,28,0,2,1,3,0,53
Ridings, Stephen,670050,2021,5,5,20,17,4,1,3,0,0,7,2,1,2,0,0,0,0,0,15
Baragar, Caleb,670056,2021,25,23,98,81,19,13,4,1,1,16,12,4,7,2,1,2,1,3,47.5
Hartman, Ryan,670057,2021,1,2.1,10,10,3,2,0,0,1,2,0,1,1,0,0,0,0,0,1.5
Sittinger, Brandyn,670087,2021,5,4.2,21,17,5,1,1,0,3,1,2,4,4,0,2,0,1,1,-33.25
Mills, Wyatt,670090,2021,11,12.2,64,54,19,13,4,1,1,11,7,14,14,0,0,0,0,1,-55.75
Schreiber, John,670167,2021,1,3,13,12,4,2,2,0,0,5,1,1,1,0,0,0,0,0,7.5
Bednar, David,670280,2021,61,60.2,237,216,40,23,9,3,5,77,19,15,15,3,2,3,1,1,211.75
Hammer, JD,670456,2021,20,20,94,81,21,15,3,0,3,22,11,11,11,0,0,1,1,2,3.75
Rodriguez, Nivaldo,670550,2021,4,7.1,31,24,4,1,1,0,2,3,4,2,2,0,0,0,0,3,-7.25
McCaughan, Darren,670766,2021,2,9,39,32,8,3,2,0,3,2,4,8,8,0,0,0,0,1,-35
Oviedo, Johan,670912,2021,14,62.1,288,243,61,39,13,1,8,51,37,34,39,0,0,0,5,6,-71
Richards, Trevor,670950,2021,53,64.1,251,228,40,22,5,1,12,78,22,25,26,1,5,7,2,0,187.75
Uceta, Edwin,670955,2021,14,20.1,92,75,19,13,3,0,3,25,12,15,18,0,1,0,3,0,-22.25
Morejon, Adrian,670970,2021,2,4.2,20,18,5,3,0,0,2,3,2,2,2,0,0,0,0,0,-3.25
Ramirez, Yohan,670990,2021,25,27.2,114,96,18,10,2,0,6,35,12,12,14,2,0,1,3,3,60.5
Foley, Jason,671345,2021,11,10.1,45,37,8,3,4,0,1,6,5,3,3,0,0,0,0,3,-4.75
Bolanos, Ronald,671790,2021,3,6.1,25,23,4,4,0,0,0,10,2,1,1,0,0,0,0,0,25.25
Detmers, Reid,672282,2021,5,20.2,101,88,26,15,6,0,5,19,11,17,17,0,0,1,3,2,-39.5
Perez, Cionel,672335,2021,25,24,111,90,21,13,2,1,5,25,20,17,21,0,0,1,2,0,-26.25
Hernandez, Carlos,672578,2021,24,85.2,358,310,69,51,9,2,7,74,41,35,36,0,1,6,2,4,93
Zerpa, Angel,672582,2021,1,5,20,17,3,2,1,0,0,4,1,0,2,0,0,0,1,0,16.25
Contreras, Roansy,672710,2021,1,3,12,11,3,2,1,0,0,4,1,0,0,0,0,0,0,0,11.25
Patino, Luis,672715,2021,19,77.1,333,298,69,45,12,0,12,74,29,37,40,0,0,5,3,3,89
Adon, Joan,672851,2021,1,5.1,24,20,6,5,0,0,1,9,3,2,2,0,0,0,0,1,7.75
Guenther, Sean,674944,2021,14,20.1,103,89,31,21,8,1,1,15,10,21,22,0,0,0,1,2,-86
Lowther, Zac,675912,2021,10,29.2,138,121,36,24,6,0,6,30,13,22,23,0,0,1,3,4,-37
Karinchak, James,675916,2021,60,55.1,235,199,35,19,6,1,9,78,32,25,27,11,5,7,4,2,204
Howard, Spencer,675921,2021,19,49.2,229,197,53,35,7,4,7,52,27,41,45,0,0,0,5,3,-93.25
Naughton, Packy,676050,2021,7,22.2,108,93,27,21,3,0,3,12,14,16,18,0,0,0,4,1,-65.75
Heuer, Codi,676051,2021,65,67.1,281,249,65,45,11,2,7,56,23,32,34,2,3,7,4,2,85.25
Junk, Janson,676083,2021,4,16.1,71,68,20,14,1,0,5,10,2,7,11,0,0,0,1,0,0.25
Elledge, Seth,676220,2021,11,11.2,52,43,13,8,4,0,1,11,7,6,6,0,0,0,0,1,-10.75
Abbott, Cory,676265,2021,7,17.1,82,70,20,9,4,0,7,12,11,13,15,0,0,0,0,0,-44.75
Bettinger, Alec,676424,2021,4,10,51,46,18,10,5,0,3,5,3,15,15,0,0,0,1,1,-70
Whitlock, Garrett,676477,2021,46,73.1,298,275,64,44,14,0,6,81,17,16,22,2,3,8,4,3,269
Fleming, Josh,676596,2021,26,104.1,448,410,110,76,22,1,11,65,31,59,60,1,0,10,8,3,36.5
Zuber, Tyler,676604,2021,31,27.1,123,104,26,16,4,0,6,25,17,19,20,0,0,0,3,1,-42.25
Margevicius, Nick,676606,2021,5,12,60,52,13,7,4,0,2,12,7,11,16,0,0,0,2,1,-31.25
Vest, Will,676684,2021,32,35,156,132,38,23,13,0,2,27,18,24,25,0,1,1,0,3,-58.75
Tice, Ty,676709,2021,5,8,39,33,10,7,2,0,1,6,5,4,4,0,0,0,0,1,-12.5
Crawford, Kutter,676710,2021,1,2,13,9,5,3,1,0,1,2,2,5,5,0,0,0,1,0,-26.25
Mattson, Isaac,676755,2021,4,4.1,23,18,5,4,1,0,0,3,5,3,3,0,0,0,0,0,-16
Snyder, Nick,676766,2021,4,3.2,15,12,3,2,1,0,0,1,3,2,2,0,0,0,0,0,-10.75
Whitley, Kodi,676831,2021,25,25.1,101,87,15,12,2,0,1,27,12,7,8,0,0,0,0,0,46.5
Peacock, Matt,676840,2021,35,86.1,386,352,107,69,22,3,13,50,28,47,55,0,0,5,7,1,-38.5
Ashby, Aaron,676879,2021,13,31.2,133,119,25,19,2,0,4,39,12,16,20,1,1,3,2,1,69.25
Beasley, Jeremy,676886,2021,8,9.1,47,35,7,3,1,0,3,13,9,8,9,0,0,0,1,2,-21
de Geus, Brett,676969,2021,47,50,238,201,62,43,10,3,6,41,25,42,47,0,2,3,2,8,-117.5
Crochet, Garrett,676979,2021,54,54.1,230,197,42,32,7,1,2,65,27,17,22,0,1,3,5,1,121.5
Garcia, Luis,677651,2021,30,155.1,633,573,133,81,31,2,19,167,50,60,62,0,0,11,8,3,344
Bruihl, Justin,677865,2021,21,18.2,73,64,13,12,0,0,1,11,7,6,7,0,0,0,1,1,6.75
Weathers, Ryan,677960,2021,30,94.2,401,362,101,62,19,0,20,72,30,56,57,1,0,4,7,3,-17
Dobnak, Randy,677976,2021,14,50.2,228,213,66,37,17,1,11,27,12,43,44,1,0,1,7,1,-118.25
Gray, Josiah,680686,2021,14,70.2,307,265,63,32,10,2,19,76,33,43,44,0,0,2,2,2,9.25
Sandlin, Nick,680704,2021,34,33.2,141,119,21,13,5,1,2,48,17,11,15,0,1,1,1,4,75.5
Wantz, Andrew,681806,2021,21,27.1,120,105,23,14,4,0,5,38,11,15,17,0,1,1,0,3,30.25
Warren, Austin,681810,2021,16,20.1,84,78,16,11,4,1,0,20,5,4,5,1,0,3,0,1,89
Criswell, Cooper,681867,2021,1,1.1,10,10,6,4,1,1,0,0,0,3,3,0,0,0,1,0,-19.75
Vesia, Alex,681911,2021,41,40,161,135,17,6,5,0,6,54,22,10,17,1,1,3,1,2,141.25
Mears, Nick,683232,2021,30,23.1,107,93,25,17,3,0,5,23,13,13,14,0,5,1,0,0,-32.25
Arihara, Kohei,685503,2021,10,40.2,178,160,45,18,14,2,11,24,13,30,31,0,0,2,4,4,-63.25